title,content
[情報] 1211 上市櫃股票週轉率排行,"上市

排行     股票名稱       收盤價  漲跌    漲跌幅  成交量  周轉率

1        6558興能高     36.95   -0.05   -0.14%  25,554  29.56%
2        4977眾達-KY    148.50  +2.50   +1.71%  23,047  28.74%
3        3029零壹       171.00  +15.50  +9.97%  39,184  25.28%
4        3041揚智       34.55   +3.10   +9.86%  25,616  21.88%
5        6695芯鼎       67.50   -0.80   -1.17%  17,690  20.49%
6        1449佳和       23.65   -2.60   -9.90%  18,332  17.93%
7        2453凌群       61.40   +1.70   +2.85%  16,457  16.46%
8        3032偉訓       94.00   +3.00   +3.30%  15,032  14.55%
9        2236百達-KY    125.50  -9.00   -6.69%  7,665   14.49%
10       2471資通       58.80   +5.30   +9.91%  6,751   14.29%

資料來源：http://tinyurl.com/yweranfz

上櫃

排行     股票名稱       收盤價  漲跌    漲跌幅  成交量  周轉率

1        4931新盛力     55.60   -2.40   -4.14%  28,796  43.81%
2        8054安國       144.50  +0.50   +0.35%  35,745  36.56%
3        6877鏵友益     96.80   +5.40   +5.91%  11,098  29.44%
4        6684安格       74.70   +1.20   +1.63%  10,166  22.79%
5        3323加百裕     36.00   -0.95   -2.57%  19,042  21.56%
6        6140訊達       28.30   -0.70   -2.41%  9,250   18.53%
7        4991環宇-KY    94.30   -2.00   -2.08%  19,754  17.64%
8        3211順達       201.00  -1.50   -0.74%  26,069  17.11%
9        6462神盾       196.50  0.00    0.00%   14,974  16.94%
10       6752叡揚       151.50  +6.00   +4.12%  5,836   16.50%

資料來源：http://tinyurl.com/mahe699z

何謂股票週轉率?

來源：http://tinyurl.com/5n6m3kpv

原來的外資投信同買排行連結

來源： https://tinyurl.com/2wxfc657

以上 謝謝"
Re: [新聞] Google 跨出「一大步」 量子電腦照亮廣達,"※ 引述《PTTdoggy (科科)》之銘言：
: 通篇胡言亂語，各種拼湊胡謅
: 廣達什麼的我不清楚，只點出幾個重要錯誤

我也來胡言亂語一下好了
計算複雜度有

Time complexity 還有 Space complexity
量子電腦我看還有一個叫做
Physical Complexity

如果把這個 Physical Complexity 當作沒有
量子電腦的確可以發展很快
意思就是 [我如果解決一個很複雜的問題我得到的效果]

就會有一台量子電腦
[但那個複雜的問題 可能本身就是一個指數性質的問題]

從這點出發你就會發現
所謂的[我現在要只要能讓qubit 增加所以可以解決一個複雜問題]
這句話就是複雜問題

而且以現在的物理限制來說
我覺得比較像本夢比的感覺

人類現在要解決的問題下面這個還比較實際
AI 的架構對於計算複雜度的降低有多少增益
以machine learning 來看
已經實現一些問題可以指數降低複雜度
但是要對應是symmetry problem

https://imgur.com/QEhJOx6
我們退休前電腦能達到這張圖的 super human就夠了"
[新聞] 台積電明除息 外資賣超7千多張,"原文標題：
台積電明除息 外資賣超7千多張

原文連結：
https://ec.ltn.com.tw/article/breakingnews/4891026

發布時間：
2024/12/11 19:15

記者署名：
洪友芳

原文內容：
晶圓代工龍頭股台積電（2330）將於明天除息，這次每股配發4元現金股利，外資今擴大
賣超7277張，導致台積電股價下跌20元、收1045元，預期明天除息走勢備受矚目。

台積電這次配息為今年第二季的獲利，將於明年元月9日發放股息，持股逾73%的外資是大
贏家，將可領到股利超過760億元。不過，隨美股主要指數與台積電ADR下跌，外資今賣超
7277張，較昨賣超2213張增加，趁除息前提款變現。

台積電從2019年起改採每季配發股利，根據統計，除息21次都順利填息，其中，有16次都
在除息當天快速填息，近6次則是連續當日填息。

晶圓代工廠聯電（2303）今遭外資賣超1.49萬張，連7個交易日賣超，股價跌至43元；外
資也砍殺力積電（6770）7607張，股價跌至15.75元。


心得/評論：
台積電感覺明天又有機會快速填息，
今年營收表現亮眼，
明年預估又是繼續高速成長，
又是半導體龍頭，
AI發展缺一不可的霸主，
世界最好的公司。"
[新聞] 錢進高息ETF 先看總報酬,"原文標題：
錢進高息ETF 先看總報酬

原文連結：
https://money.udn.com/money/story/5618/8419704

發布時間：
2024/12/11 23:26:43

記者署名：
何佩儒

原文內容：
台股一掃11月下跌陰霾，12月以來漲勢明顯，統計11月底波段低點以來最高上漲近千點，
昨（11）日拉回修正，累計漲幅2.8%。由於逢台股配息淡季與盤勢震盪，高股息ETF遭遇
配息下降逆風，同期間僅有群益台灣精選高息（00919）漲幅勝大盤，期間漲幅2.9%。

投信法人表示，台股未來12個月現金股息殖利率預估會下調至3%以下，重視現金流規劃的
投資人，除了留意配息殖利率，更要關注含息總報酬，才能確實掌握高股息ETF的整體競
爭力。

00919目前擁有百萬投資人，也是今年受益人成長最多的台股ETF。昨天成交量8.6萬張，
11月底以來的日均量也有8.2萬張，法人推測，00919日前公布第七次預估配息0.72元維持
新高後，吸引投資人卡位，本次除息日為12月20日，參與除息最後買進日為12月19日。

群益台灣精選高息ETF基金經理人謝明志表示，投資者普遍認為，美國新當選總統川普即
將上任可能引發金融市場波動劇烈，在震盪的市況中要穩步達成財務目標，可將高息股納
入考量。由於川普政府仍把AI相關投資領域放在政見主軸中，趨勢仍對台灣電子產業有利
。對於台股後市，在AI需求及內需穩定的扶持下，台灣景氣仍在擴張軌道，目前市場預估
台灣企業獲利2025年增約16%，雙位數增長為經濟底氣，考量台灣企業獲利持續往上，無
礙中長期偏多趨勢。

凱基優選高股息30基金經理人施政廷指出，受惠AI供應鏈進入出貨潮，2025年台股企業獲
利可望再創新高，台股本益比獲得實質支撐，台股後市表現空間可期。只是今年企業獲利
年增35%，基期已墊高下，2025年企業獲利成長速度預期放緩至15%到16%，市場震盪機率
高，具備低波動選股指標的高股息ETF，相對有機會發揮抗跌能力。


心得/評論：
雖然兩位經理人說的都很偶道理，
可是兩檔ETF都輸給大盤，
而且配息都還沒填息耶，
買進這兩檔ETF的投資人，
會變成賺股息賠價差，
明年台股資金又會集中在台積電這類AI概念股上，
高股息配息縮水股價續跌會更慘吧。"
[標的] AMD怎麼了？,"https://i.imgur.com/LPztthC.jpeg
欸
馬的
原本以為130那邊有支撐
結果是接刀
越接越低
今天費半漲
AMD還是跌
就因為美銀下調目標價就可以一直殺嗎？
蘇媽才剛當選年度CEO
可不可以99AMD
…
有沒有人知道AMD怎麼了"
[情報] 8478 東哥遊艇 11月營收1742.5萬 mom-95,"1.標題：8478 東哥遊艇 113年11月營收 mom-95.87%  yoy-97.14%
2.來源：公開資訊觀測站
3.網址：https://mops.twse.com.tw/mops/web/index


民國113年11月   單位：新台幣仟元

項目    營業收入淨額
本月      17,425
去年同期          608,245
增減金額          -590,820
增減百分比        -97.14
本年累計          4,906,830
去年累計          5,700,750
增減金額          -793,920
增減百分比        -13.93
備註 / 營收變化原因說明 主係認列遊艇銷貨收入減少所致"
Re: [標的] 6770力積電  又到了年底還是不懂…,"※ 引述《sGuitar (桑哈醬)》之銘言：
: ※ 引述《sGuitar (桑哈醬)》之銘言：
: : 標的：6770力積電
: : 分類：討論
: : 正文：
: : 今天力積電破新低17.15元了 … QAQ
: : 已經即將進入2024年年底了，依然相信黃董

https://i.imgur.com/x8u9Vlp.jpeg

我第一年相信黃董去抽籤

也相信黃董經營績效，所以一入戶就賣掉

快要2025了，我依然相信黃董

所以不再買他家股票，懂得就懂。"
Re: [標的] 6770力積電  又到了年底還是不懂…,"照這篇 轉上市
74 到現在 15

2021到2025 空 賣空

（（（融券賣出

2024.12.31 融券買進  平掉

步驟是這樣嗎？ 高手教一下！？）））


4年 5倍

94歲巴菲特 來年化報酬率20%

這樣黃董公司 讓買的人 財產
瞬間少了80% ....

2021投資 100萬 2024年底 120/144/172.8/207.36
美國巴菲特績效

2021投資 100萬 2024年底 100- 500萬 做空變成500萬
做空黃董績效...

2021投資 100萬 2024年底 100-20

投資變成20萬 股價跌80%
相信黃董，年底就懂績效

不負責預測
15空到 3元 還有5倍...

然後3元下市 再用 0.3元購買
然後再跟 台積電 拿商品代工
然後 再叫好朋友不要把廠房法拍

然後股價再上市 又回到100...

然後 新聞 77歲黃董 歷經了 三次負債下市再上市 然後在短短幾年 還清1200億負債 就
算身體得不舒服也不能放棄股東 對於臺灣股民有一份企業家的責任
（相信黃董，以後就懂..."
[新聞] 聯發科首度打進蘋果鏈 有望迎來強勁拉貨,"原文標題：

聯發科首度打進蘋果鏈 有望迎來強勁拉貨動能

原文連結：https://money.udn.com/money/story/5612/8419900

發布時間：2024/12/12

記者署名：經濟日報 編譯劉忠勇、記者鐘惠玲／綜合報導

原文內容：

彭博資訊報導，蘋果有意於明年大幅升級Apple Watch功能，找聯發科（2454）助陣，由
聯發科提供部分Apple Watch新品數據機晶片，分食英特爾原本供應的訂單。

這是聯發科首度打入蘋果主力硬體產品供應鏈，而且是僅次於處理器的關鍵晶片，意義重
大。市調機構統計，全球每年智慧手表市場規模約八、九千萬支，蘋果囊括近半數份額，
而且集中在高階市場，隨著蘋果有意大幅提升明年Apple Watch功能，預料將引爆新一波
買氣，聯發科也將迎來強勁拉貨動能，挹注業績。

聯發科此次搶食英特爾在Apple Watch的數據機晶片供應份額，凸顯產品實力與技術受肯
定，後續也有望承接更多品牌廠訂單。聯發科昨（11）日不評論相關訂單消息。


聯發科不僅在手機處理器領域表現亮眼，讓勁敵高通備感壓力，數據機晶片也是聯發科耕耘多年的領域，實力相當不錯。

業界分析，以聯發科現有M80 5G數據機晶片來說，支援最快下載速度高達7.91bps，上傳
速度達3.76 Gbps，並支援5G NR+毫米波雙網路連接及載波聚合，還有5G NR載波聚合與混
合雙工（TDD+FDD），可實現更高的平均網速，及兩個連接區域之間的無縫切換，其技術
強大，應是獲得蘋果青睞的原因。

彭博報導，明年Apple Watch新品將有部分款式的數據機晶片，改由聯發科供應，不再是
採英特爾的產品。報導指出，蘋果對聯發科的產品評估時間已超過五年。這次聯發科等於
搶了英特爾相關訂單。

外電提到，蘋果轉向使用聯發科的技術，將同時支援5G Redcap，這是專為物聯網模組與
穿戴式裝置設計的低階5G服務，這類產品通常不需要高速數據連接。目前Apple Watch使
用的是4G LTE，並未像iPhone已轉向5G。

彭博指出，明年的高階Apple Watch Ultra將配備衛星通訊功能，讓智慧手表用戶在沒有
行動網路或WiFi訊號時，仍能透過Globalstar的衛星發送簡訊。

另外也可監測用戶血壓變化，最快也可能在明年推出。

心得/評論：

哇塞
如果這次是真的發哥打入阿婆供應練的話

蘋果也真狠
趁你病要你病
Intel處理器市場屁股一把火
阿婆再補一刀"
[請益] TSLA 現在追還來的及嗎？,"史上身價超過4000億美元
地球第一人

太空 自駕 能源 機器人 每一樣都一統江湖…
是地表最大的AI 應用

TSLA 自由現金流歷史紀錄..未來只會不斷增加

看來ARK 2029目標價 2600 有種既視感

2026 要實現全自動駕駛…我有地球上最大的AI Cortex 運算中心，北美有超過400萬台車
每天都在幫我優化數據，監管機構也都是我大川普的人…

是不是要All in?"
[請益] 台積電等千金股除息的問題,"各位股版月入30萬大大早，

股市小白想請教，關於千元股除息的問題。

像台積電今天除息3.9996元，假設算4元好了，昨天收盤價是1045元，那今天開盤價是1040元嗎？

因為千金股的最小漲跌幅是5元，而像台積電只配4元，股價卻除息5元，那我是不是瞬間蒸發消失1元？

這樣也算是千分之一的損失？

惠請各位大大解惑.."
[新聞] 拜登擬元旦對陸加關稅,"原文標題：

拜登擬元旦對陸加關稅

原文連結：

https://money.udn.com/money/story/5599/8419809

發布時間：

2024/12/12 00:20:26 經濟日報 編譯湯淑君／綜合外電

原文內容：

知情人士透露，拜登政府即將宣布，明年元旦起將對進口自中國大陸的太陽能晶圓和多晶
矽等綠能產品大幅加徵新關稅，距離美國總統當選人川普的上任時間還不到三周，凸顯華
府設法搶先保護美國太陽能產業抵禦廉價陸貨入侵。


金融時報（FT）報導，知情人士說，美國貿易代表署預定11日宣布，將把對中國大陸太陽
能晶圓和多晶矽課徵的關稅加倍至50%，並對中國大陸的鎢製品課徵25%稅率。太陽能晶圓
和多晶矽是製造太陽能板必需的材料，鎢用於武器、電腦晶片等林林總總的產品。華府決
定再祭新關稅，凸顯對美國過度依賴中國大陸供應綠能及科技產業關鍵原物料感到焦慮。


這批新綠能關稅訂於明年元旦生效，就在川普宣誓就職前的數周。在那之前，拜登政府5
月已宣布另一套方案，把對陸製電動車關稅提高到100%，是原先稅率的四倍，同時大幅提
高對大陸其他綠能科技零件課徵的關稅。


拜登政府選擇維持川普時代對總值3,000億美元陸貨加徵的關稅，但已把矛頭擴大至戰略
產業，像是綠能和晶片製造。


心得/評論：

卸任前先下重手，感覺關稅貿易戰會提前開打，台灣太陽能股還有機會嗎？"
[標的] 3296勝德 康永哥多多,"標的：
3296 勝德

分類：多

分析/正文：
一、產業
不斷電系統廠商

二、營收
11月營收創23個月新高

三、技術面
昨天爆量突破第一根攻擊量

四、籌碼面
重點來了，康永哥吃了半年的貨
https://i.imgur.com/X7jFBPD.jpeg

除此之外，還有這三個月來還有大小摩一同加入
https://i.imgur.com/0otv2w4.jpeg

進退場機制：
昨天34.2進場，若今天有拉回5%左右加碼買"
[新聞] 美通膨加強降息預期！那指首次突破20000,"自由時報 2024/12/12 06:05

美通膨加強降息預期！那指首次突破20000點 台積電ADR漲1.39％

蔡百靈／核稿編輯

〔即時新聞／綜合報導〕美國通膨報告提振聯準會（Fed）升息的預期，週三美股多上漲
，而科技股也推動那達克指數首次突破20000點的里程碑。週三道瓊工業指數下跌99.27點
、0.22%，標普500指數上漲0.82%，那斯達克指數上漲1.77%，費城半導體指數上漲2.72%

，台積電ADR上漲1.39%，收在194.60美元。



綜合外媒報導，美國勞工部公布，11月消費者物價指數（CPI）和去年同期相比年增2.7%
，較10月的2.6%略增，創7個月以來最大漲幅，不過大致符合市場預期，投資人多認為聯
準會將在下週會議上再次降息。根據CME的FedWatch工具，預期央行在此次會議上降息的

可能性約95% 。




由於美國立法者提出一項被視為限制健康保險公司利潤的法案，受到健康保險公司股價下

跌的拖累，道瓊指數下跌。科技股方面，輝達上漲3.14%，特斯拉股價上漲近6%，今年迄
今為止，這兩檔股票分別上漲約181%和近71%。Alphabet憑藉其新晶片在量子計算領域取

得突破之後，連續第二天上漲，收盤上漲5.46%。




道瓊工業指數下跌99.27點或0.22%，收報44148.56點。


標普500指數上漲49.28點或0.82%，收在6084.19點。


那斯達克綜合指數上漲347.65點或1.77%，收20034.89點。


費城半導體指數上漲133.10點或2.72%，收5027.80點。


https://ec.ltn.com.tw/article/breakingnews/4891231



降息穩了???

那斯達克首次突破2萬點 自從川普選上後 特斯拉真的沒有極限

羨慕債蛙  投資長又可以節目直播開吹了

難得費半又醒了?  每天在那上上下下的"
[閒聊] 2024/12/12 盤中閒聊,"==================113/12/12台股資訊重點整理，供股民做投資參考=================
台　股　22903.63　▼221.45 (-0.96%)　3279.76億
台指12　22848   　▼230    (-1.00%)　 60,097口
盤後12　23044   　▲197    (+0.86%)　 39,842口

台指期未平倉口數 自營商 +251 (+1,187) 投信 +25,939 (-158) 外資 -39968 (-2,285)
台指選未平倉口數 自營商 +3,551 (-14,404) 投信 -124 (   0) 外資 -6,280 (  -289)

道瓊工業　44148.56　▼ 99.27 (-0.22%)
那斯達克　20034.89　▲347.65 (+1.77%)
標普 500　 6084.19　▲ 49.28 (+0.82%)
費城半導　 5027.80　▲133.10 (+2.72%)
==============================================================================

資料來源：臺灣證券交易所、中央社"
[新聞] 路透：中國擬明年讓人民幣貶值 因應川普,"原文標題：

路透：中國擬明年讓人民幣貶值 因應川普關稅戰

原文連結：

https://udn.com/news/story/7333/8420028

發布時間：

2024-12-12 01:08 中央社／ 北京11日綜合外電報導

原文內容：

路透社獨家報導，消息人士指稱，中國最高領導人和政策制定者考慮在2025年讓人民幣貶
值，準備面對美國總統當選人川普在他的第二任期提高貿易關稅。

路透社採訪3名了解讓人民幣貶值相關討論的人士，但他們要求匿名，因為他們無權公開
談論此事。知情人士指稱，此舉反映出中國意識到需要更大的經濟刺激措施，來因應川普
（Donald Trump）提高關稅的威脅。

川普已表示，他計畫對所有進口商品加徵10%關稅，對中國進口商品徵收60%關稅。

路透社指出，讓人民幣貶值可能降低中國出口商品的價格，從而削弱關稅的衝擊，並在中
國大陸創造較寬鬆的貨幣環境。針對上述報導，中國人民銀行未立即回應路透社的置評要
求。


心得/評論：

路透發完這篇新聞，無獨有偶的美國也出來發新聞，感覺貿易戰的煙哨味已經靠近。

延伸閱讀：他國若操縱匯率？葉倫：美國將「強硬反應」 https://tinyurl.com/47m5zxef"
Re: [請益] TSLA 現在追還來的及嗎？,"高不高要看你的目標價跟投資的時間
2025目前市場上保守預估是達到500
如果放短期就先以這價位為目標吧
目前市場上沒有半點利空消息
下次的大漲跌應該會是在Q4交車數據公布的時候
而未來特斯拉交車數據的影響會越來越小

如果你跟我一樣要持續投資5年以上
那現在一定還是可以開始慢慢建倉
11月我才預估300是新的底部 結果現在噴到420了
TSLA短期波動大 不建議all in
建議採DCA的方式慢慢建倉

我自己近期的操作是在前幾天馬斯克薪酬方案被回絕的時候
TSLA下跌到349時 開始賣掉一些TSLA買TSLL做短期操作
因為這次是法官搞事 跟股民沒關係 馬斯克一定不會再次威脅要出走
後面上訴最高法院勝訴的機會也大 才會這樣判斷

TSLA在市場上有很多鬼故事
深度了解這家公司(加強信仰) 才能捏得住這支股票
曬個單
https://i.imgur.com/KXJk9YO.png

※ 引述《twobyone (g)》之銘言：
: 史上身價超過4000億美元
: 地球第一人
: 太空 自駕 能源 機器人 每一樣都一統江湖…
: 是地表最大的AI 應用
: TSLA 自由現金流歷史紀錄..未來只會不斷增加
: 看來ARK 2029目標價 2600 有種既視感
: 2026 要實現全自動駕駛…我有地球上最大的AI Cortex 運算中心，北美有超過400萬台車
: 每天都在幫我優化數據，監管機構也都是我大川普的人…
: 是不是要All in?"
[公告] 股票板板規 v4.7 (2024/10/06 修正),"───────────────────────────────────────
                           股 票 板  板 規 V4.7             2024/10/06   修訂
───────────────────────────────────────

1. 發文規範與分類總則"
Fw: [公告] 請留意新註冊帳號使用信件詐騙,"※ [本文轉錄自 SYSOP 看板 #1d9XpslE ]

作者: a3225737 (HONG) 看板: SYSOP
標題: [公告] 請留意新註冊帳號使用信件詐騙
時間: Sat Nov  2 20:37:08 2024

本站近期接獲 165(警政署反詐騙諮詢專線)多次通知，
發現本站有多個新註冊的帳號進行灑網式寄信，
大量向曾發文販售物品的使用者發送郵件，
並以「XXX 還在嗎」、「XXX 還有嗎」為信件標題，
聲稱家人有購買意願、請收信人加特定 LINE ID 並傳送細圖、
要求收信者使用全家好賣+、7-11 交貨便或大榮貨運…等交易方式，
最後再假借賣家沒開通特定功能等理由獲取賣家之個人資訊，
進而造成賣家之財產損失。


請使用者注意，本站非專門之交易平台，
生活中若有販售物品之需求，
建議使用能夠保障買賣雙方之交易網站。


又，於網路上與陌生帳號進行通信、對話時，
本即應加強警惕，建議查詢對方帳號資訊(如查詢名片檔)，
尤其避免與上站次數過低之使用者進行交易，
以保障自身權益。



                                 批踢踢法務部關心您
                                 (本公告特別歡迎轉發)"
[閒聊] 2024/12/12 盤中閒聊,"==================113/12/12台股資訊重點整理，供股民做投資參考=================
台　股　22903.63　▼221.45 (-0.96%)　3279.76億
台指12　22848   　▼230    (-1.00%)　 60,097口
盤後12　23044   　▲197    (+0.86%)　 39,842口

台指期未平倉口數 自營商 +251 (+1,187) 投信 +25,939 (-158) 外資 -39968 (-2,285)
台指選未平倉口數 自營商 +3,551 (-14,404) 投信 -124 (   0) 外資 -6,280 (  -289)

道瓊工業　44148.56　▼ 99.27 (-0.22%)
那斯達克　20034.89　▲347.65 (+1.77%)
標普 500　 6084.19　▲ 49.28 (+0.82%)
費城半導　 5027.80　▲133.10 (+2.72%)
==============================================================================

資料來源：臺灣證券交易所、中央社"
Re: [標的] 6770力積電  又到了年底還是不懂…,"※ 引述《sGuitar (桑哈醬)》之銘言：
: 標的：6770力積電
: 分類：討論
: 正文：
: 今天力積電破新低17.15元了 … QAQ
: 已經即將進入2024年年底了，依然相信黃董
: 今年三月宣布說要增加新業務Fab IP計畫，
: 看起來是沒啥卵用，成熟製程越來越慘
: 力積電還要抱到什麼時候才可以讓我懂
: 2025年底有機會能懂一點嗎？
: 進退場機制：
: 長期套牢，無法退場
:"
Re: [請益]  [請益] 0050正2績效,"不曉得有沒有人回測過當歷年來宣布國安基金進場時歐印正2直到指數波段成長50%的績效

我雖然沒有實拿excel 回測
只單純用看的

大盤歷史技術線與正2技術線
雖然正2是2014才出來的東西

至此也經歷過3次國安基金
歐債 肺炎跟升息

而每次國安宣布退場之後也是後面好大一個波段
加權根本不只漲50% 而我只討論漲50%就好

所以說跟著國安買正2 坐等財富翻倍
這樣應該是風險滿低的操作吧？"
Re: [心得] 美債正二今年績效,"※ 引述《catptt (newgogocat)》之銘言：
: 美債正二今年以來績效 -15%
: 抱了一整年，也沒利息
: 今天忍痛砍倉止損了，全部轉倉美股
: 輸原型也很多，原形還是正的
: 我到底看了什麼

不明白

正二漲跌不都是原型的兩倍嗎

就算少掉一年的利息4.5%

那也不應該原型正5.6% 正二反而倒賠14.6%吧

這是不是太魔幻了"
[新聞] 輝達樹大招風 歐盟擴大調查市場主導地位,"原文標題：

輝達樹大招風 歐盟擴大調查市場主導地位

原文連結：

https://ec.ltn.com.tw/article/breakingnews/4891035

發布時間：

2024/12/11 19:18

記者署名：

自由時報／吳孟峰／核稿編輯

原文內容：

輝達樹大招風 歐盟擴大調查市場主導地位

2024/12/11 19:18

https://img.ltn.com.tw/Upload/business/page/800/2024/12/11/phpGY3BsB.jpg
消息人士透露，輝達正面臨歐盟反壟斷監管機構更嚴格的審查。（彭博）

吳孟峰／核稿編輯

〔財經頻道／綜合報導〕消息人士透露，人工智慧 （AI） 晶片領域的主導廠商輝達正面
臨歐盟反壟斷監管機構更嚴格的審查。歐盟委員會已向輝達的客戶和競爭對手發放調查問
卷，以確定這家美國晶片製造商是否存在可能為其帶來不公平優勢的壟斷行為。

調查的重點是輝達的合約是否要求客戶在其市場領先的 GPU之外購買額外的網路設備。擁
有84%市場占比的輝達否認有任何不當行為，並表示支持開放的行業標準和客戶選擇。

監管機構的關注源於輝達在生成人工智慧和加速運算領域的巨大影響力，該領域對其GPU
的需求激增。歐盟監管機構正審查該公司的銷售行為，作為確保快速成長的人工智慧領域
公平競爭的更廣泛努力的一部分。

法國反壟斷機構以及美國、英國和韓國當局進行的類似調查凸顯輝達面臨的全球審查。儘
管歐盟委員會尚未宣布正式調查，但此舉可能導致輝達面臨高達全球收入10%的罰款。

輝達在人工智慧晶片領域的主導地位現在正受到密切關注，監管機構質疑其做法是否扼殺
了競爭。這些調查凸顯了輝達的快速市場擴張，與確保人工智慧技術公平競爭環境的全球
努力之間日益緊張的關係。

超微和英特爾等競爭對手可以從輝達加強監管中受益，從而有可能重塑人工智慧生態系統
的市場動態。

對於輝達來說，這種審查凸顯在快速發展的市場中保持領先的複雜性。儘管該公司繼續提
供業界領先的產品，但監管挑戰可能會對其長期成長策略帶來阻力。

隨著人工智慧採用的加速，輝達應對這些調查的能力對其未來前景至關重要。

心得/評論：

雖然輝達的市場佔有率領先競爭對手不過輝達的賺錢模式不容易被罰錢，
隨著人工智慧（AI）的發展輝達未來還有成長的潛力。"
[情報] 113/12/11 八大公股銀行買賣超排行,"1. 標題：113/12/11 八大公股銀行買賣超排行

2. 來源：玩股網

3. 網址：https://www.wantgoo.com/stock/public-bank/buy-sell

4. 內文：

手機介面圖片好讀版：
https://imgur.com/TYKzK19

以下資訊依張數排列
買超                            賣超
排名　    　股票          張數  排名　    　股票           張數
1 　大華優利高填息３０　  7541　1 　　期街口布蘭特正２　  -8483
2 　　　　中信金　　　　  6644　2 　　復華台灣科技優息　  -3933
3 　　群益台灣精選高息　  6605　3 　　　　力積電　　　　  -3627
4 　　群益優選非投等債　  3711　4 　　　　　普安　　　　  -2264
5 　　　　凱基金　　　　  3288　5 　　　　　華通　　　　  -1908
6 　　國泰永續高股息　　  3127　6 　　元大美債２０年　　  -1688
7 　　　元大高股息　　　  2746　7 　　　　　零壹　　　　  -1311
8 　　富邦恒生國企正２　  2682　8 　　　　台達電　　　　  -1280
9 　元大滬深３００正２　  2525　9 　　　　　神達　　　　  -1235
10　　　　南亞科　　　　  2370　10　　　　金像電　　　　  -1130
11　凱基優選高股息３０　  2245　11　　　　　富喬　　　　  -1060
12　　　　　鴻海　　　　  2178　12　　　　　台玻　　　　   -796
13　　　　　陽明　　　　  2170　13　　　　兆豐金　　　　   -712
14　　　　　中鋼　　　　  1823　14　　　　　友達　　　　   -693
15　　　　台積電　　　　  1645　15　　　　英業達　　　　   -677
16　　　　　廣達　　　　  1602　16　　　　　遠百　　　　   -656
17　　　　國票金　　　　  1583　17　　中信成長高股息　　   -649
18　　　　中華電　　　　  1557　18　　期元大Ｓ＆Ｐ黃金　   -617
19　　國泰２０年美債　　  1508　19　　　環宇－ＫＹ　　　   -587
20　　　　　聯電　　　　  1344　20　　　　　正隆　　　　   -583
21　　　　中美晶　　　　  1061　21　　　　　台燿　　　　   -562
22　　國泰台灣領袖５０　  1049　22　　　　　高技　　　　   -554
23　　　　華邦電　　　　  1023　23　　　泰金寶－ＤＲ　　   -516
24　　　　　華新　　　　   972　24　　元大台灣５０反１　   -501
25　　　　第一金　　　　   963　25　　　　　全新　　　　   -484
26　　　　中石化　　　　   944　26　　　　華南金　　　　   -472
27　　　　台新金　　　　   859　27　 大華投等美債１５Ｙ+   -467
28　　元大台灣高息低波　   854　28　　期元大Ｓ＆Ｐ石油　   -463
29　　　　　佳和　　　　   813　29　　　　長榮航　　　　   -439
30　　　　　台化　　　　   709　30　　兆豐電子高息等權　   -431
31　　　　　寶成　　　　   702　31　　　　　台泥　　　　   -427
32　期元大Ｓ＆Ｐ原油反１   699　32　　　　　台榮　　　　   -415
33　　　　潤泰全　　　　   675　33　永豐中國科技５０大　   -396
34　　　　　彰銀　　　　   669　34　　　　艾笛森　　　　   -357
35　　　　京元電子　　　   645　35　　　　　偉訓　　　　   -346
36　　中信中國５０正２　   640　36　　　　群益證　　　　   -310
37　　　　　萬海　　　　   637　37　　　　全球傳動　　　   -302
38　　國泰數位支付服務　   631　38　　　　　揚智　　　　   -300
39　　元大美債２０正２　   627　39　　　　　北基　　　　   -284
40　　　　　華東　　　　   627　40　　　土銀國泰Ｒ１　　   -281
41　　凱基Ａ級公司債　　   625　41　　百和興業－ＫＹ　　   -281
42　　　富邦台５０　　　   620　42　　　　　燿華　　　　   -279
43　　復華富時不動產　　   615　43　　　　　正文　　　　   -279
44　　　　　緯軟　　　　   566　44　　　大銀微系統　　　   -273
45　　　　　旺宏　　　　   555　45　　　　玉山金　　　　   -272
46　　　中租－ＫＹ　　　   553　46　　群益臺灣加權反１　   -271
47　　　　　威盛　　　　   535　47　　　復華日本龍頭　　   -269
48　　　　　南茂　　　　   522　48　　　　　威健　　　　   -267
49　　　　合庫金　　　　   512　49　　　　　奇鋐　　　　   -263
50　　統一美債２０年　　   503　50　　　　　中工　　　　   -262
======上述張數排名中漲跌超過9%======
買超
29　佳和
========
賣超
7 　零壹
37　全球傳動
38　揚智
===================================="
[情報] 113年12月11日信用交易統計,"1. 標題：113年12月11日信用交易統計
2. 來源：臺灣證券交易所、證券櫃檯買賣中心 (公司名、網站名)
3. 網址：https://reurl.cc/E2xlzv https://reurl.cc/V3AOXA (請善用縮網址工具)
4. 內文：

113年12月11日信用交易統計

項目                  買進        賣出  現金(券)償還      前日餘額     今日餘額
融資(交易單位)     217,657     223,791         5,937     8,698,377    8,686,306
融券(交易單位)      23,501      28,522         5,295       289,142      288,868
融資金額(仟元)  11,630,029  11,656,027       262,493   328,048,339  327,759,848

資減    2.88   億
券減     274   張
=================================
00637L元大滬深300正2
資增   2,214   張
券減     807   張
00665L富邦恒生國企正2
資增   2,404   張
券減     760   張
00753L中信中國50正2
資增   2,010   張
券增     466   張
=================================
2330台積電
資增     338   張
停券

6770力積電
資增   1,107   張
券增   1,145   張
2317鴻海
資減     160   張
券減     211   張
2354鴻準
資減   1,350   張
券增      30   張
3706神達
資減   3,089   張
券減   1,194   張
3019亞光
資增   3,383   張
券增     104   張
3029零壹
資增     290   張
券增   2,320   張
2359所羅門
資增   1,625   張
券增     251   張
2313華通
資增   1,547   張
券增     584   張
2615萬海
資增     265   張
券減     289   張
2618長榮航
資減   2,519   張
券減     682   張
=================================
櫃買信用交易統計
資減    6.05   億
券減   1,498   張
1815富喬
資增   2,095   張
券增     312   張
3211順達
資減   1,591   張
券減      65   張"
[情報] 2753 八方雲集 113年11月營收,"標題：113年11月營收

來源：MOPS
網址：
https://mopsplus.twse.com.tw/mops/#/web/t146sb05?companyId=2753
內文：
本年迄今累計營收        去年同期累計營收        累計營收成長率
7,285,247               6,701,108               8.72%


113年11月營收   去年同期月營收  月營收成長率
687,739         621,649         10.63%
113年10月營收   去年同期月營收  月營收成長率
705,435         656,274         7.49%
113年09月營收   去年同期月營收  月營收成長率
671,862         615,167         9.22%
113年08月營收   去年同期月營收  月營收成長率
690,783         670,145         3.08%"
[情報] 美國11月CPI,"標題:美國11月CPI

來源：

investing

網址：
https://hk.investing.com/economic-calendar/cpi-733
https://hk.investing.com/economic-calendar/cpi-69
https://hk.investing.com/economic-calendar/core-cpi-736
https://hk.investing.com/economic-calendar/core-cpi-56


內文：

美國11月 CPI 年率
前值 2.6%   預期 2.7%   公布 2.7%

美國11月 CPI 月率
前值 0.2%   預期 0.3%   公布 0.3%

美國11月 核心CPI 年率
前值 3.3%   預期 3.3%   公布 3.3%

美國11月 核心CPI 月率
前值 0.3%   預期 0.3%   公布 0.3%"
[新聞] 10億銀彈失效！二關鍵打亂晟德護盤 順藥,"原文標題：10億銀彈失效！二關鍵打亂晟德護盤 順藥股價再跌

原文連結：https://reurl.cc/nq7E6n

發布時間：2024.12.11 18:35

記者署名：杜蕙蓉

原文內容：

大股東晟德(4123)擬以10億元捍衛順藥(6535)股價，結果只上演一日行情，11日順藥續挫
，打回護盤前價位。法人表示，順藥4千張增資股出爐、外資持有1萬張股票兩大關鍵，是
多頭信心渙散的主因，多空對決戲碼將持續上演。

法人表示，順藥9月辦理現金增資4,000張股票，10日已可上市買賣，該增資案每股225元
；而外資外資持有約1萬張股票，平均成本價位200多元，這兩個賣壓是讓晟德9日公告將
以10億元額度內護盤的主因。

根據晟德公告，擬買進價格區間帶為每股150至225元間。法人以9日收盤價193元，換算可
買5100張，如果以225元計算，則可買4400張。由於大股東喊話，激勵順藥10日終止6根跳
空跌停命運，終場以208元作收，漲幅7.77％，成交量則放大至4,803張，成交金額9.33億
元，晟德當天買進的金額未達3億元而未公告。

雖然大股東救火心急，不過，由於市場不買單，順藥11日價再下殺，以190.5元作收，跌
幅8.41％，成交量2,757張，交易金額5.39億元，由於股價跌回護盤前價位，顯然賣壓不
輕，據了解，晟德連兩日出手，買進金額應超過3億元，未來的捍衛股價持續力備受關注
。

順藥治療急性缺血性腦中風新藥LT3001，在中國大陸進行的二期臨床試驗結果，數據達初
步療效，不過因被外界解讀「說不清楚」，股價從解盲前收盤361元計，8個交易日，跌幅
47.23％，市值縮水287.9億元。

針對未公告P值，股價遭摜殺，順藥澄清，由於第二期試驗以探索 性研究為主，該試驗對
於療效部分並未定統計假設，故無對應的療效 統計P值。且該試驗主要目標為確認試驗藥
物的耐受性及劑量範圍， 試驗結果已達標。

順藥表示，LT3001作為全新作用機轉的新分子藥物，其與對照組在療 效指標上的差異於
試驗前屬未知，因此試驗設計未包含P值分析。為 進一步探索相關療效，正積極著手規劃
第三期臨床試驗。此外，由於 試驗數據的所有權歸屬於上海醫藥，因其商業考量，尚未
同意揭露相 關資訊。因此，在未獲上海醫藥同意的情況下，「無法擅 自公開試驗數據」
。


心得/評論：

大股東宣布出手一日行情摸漲停，今天又跌到190.5，明天開始順藥要進入20分鐘處置

順藥還有戲嗎?"
[情報] 大飲(1213) 十一月營收年增53187.1％,"【2024/11月營收公告】大飲(1213) 十一月營收年增53187.1％

CMoney AI小編


傳產-食品 大飲(1213)公布11月 合併營收1.65千萬元，為近5個月以來新低，MoM
-11.95%、YoY +53187.1%，雖然較上月衰退，但仍貢獻力道卻超越去年同期；

累計2024年1月至11月營收約1.74億，較去年同期 YoY +57.87%。

https://www.cmoney.tw/notes/note-detail.aspx?nid=889597

心得:

熱炒店必喝的
連老黃都都幫忙免費打廣告了

就算經營到頭
出賣配方也是能賺一筆

現在要去哪裡買？ 都找不到"
[新聞] 長榮跨入美東地區不動產開發,"原文標題：長榮跨入美東地區不動產開發



※請勿刪減原文標題

原文連結：https://reurl.cc/G5eoEW
※網址超過一行過長請用縮網址工具

發布時間：2024.12.11  18:30

※請以原文網頁/報紙之發布時間為準

記者署名：工商時報  王淑以

※原文無記載者得留空

原文內容：長榮採取多角化投資及分散本業風險，長榮（2603）今（11）日在證交所舉行
重
大訊息說明記者會，說明子公司長榮亞洲經董事會通過，擬以其兩家合資公司，購入美東
地
區兩處不動產並進行開發。


長榮總經理吳光輝11日表示，長榮子公司長榮亞洲計畫將由其兩家合資公司，分別以4,22
0
萬美元及1億1,080萬美元，總價1億5,300萬美元，向長榮美國股份有限公司購入位於美東
Je
rsey City兩處不動產，並進行後續開發。

吳光輝表示，考量航運市場景氣波動較大，投資不動產獲利相對穩定，加上Jersey City
位
置、環境及租金行情屬於優質投資標的，採多角化投資經營能適度分散本業風險，因此經
由
子公司長榮亞洲評估後，決定參與此購地開發案。


上述交易依子公司長榮亞洲「取得或處分資產處理程序」辦理，相關評估與作業程序亦依
循
主管機關法令規定，並由長榮及長榮亞洲的董事會決議通過。





心得/評論：長榮 手上滿手美元 終於出手了

未來長榮會變成一方霸主


讓台灣因為長榮而偉大


長榮明年上六百 股東笑呵呵


※必需填寫滿30正體中文字，無意義者板規處分"
[新聞] 中國無人機存國安風險　美表決法案擬禁2,"原文標題：中國無人機存國安風險　美表決法案擬禁2中企販售

※請勿刪減原文標題

原文連結：https://www.ftvnews.com.tw/news/detail/2024C11I07M1
※網址超過一行過長請用縮網址工具

發布時間：2024/12/11 18:52

※請以原文網頁/報紙之發布時間為準

記者署名：

※原文無記載者得留空

原文內容：

民視新聞／綜合報導

由於中國無人機，可能存在國安風險，美國眾院計畫在近期，表決一項年度軍事法案，禁
止「大疆創新」（DJI）和「道通智能」兩家中國無人機大廠，在美銷售新產品。加上明
年（2025年）初，對中國強硬的川普就要正式就職，相關市場恐怕面臨大洗牌。

美國佛州的展示會上，玩家們關注的產品，其實大多來自中國。

展示活動負責人：「它的價格親民能良好迴避障礙物，沒有一家廠商能像『大疆創新』（
DJI）一樣。」

活動參加者：「無論誰都能輕鬆操作並不複雜。」

在低價策略下，中國無人機，近年快速攻占美國市場，除了玩家之外，企業和地方政府、
以及救難單位，使用中的產品，也有6到9成來自中國。

驚人的市佔率，卻也引發國安疑慮。

美國佛州的展示會上，玩家們關注的產品，其實大多來自中國。

展示活動負責人：「它的價格親民能良好迴避障礙物，沒有一家廠商能像『大疆創新』（
DJI）一樣。」

活動參加者：「無論誰都能輕鬆操作並不複雜。」

在低價策略下，中國無人機，近年快速攻占美國市場，除了玩家之外，企業和地方政府、
以及救難單位，使用中的產品，也有6到9成來自中國。

驚人的市佔率，卻也引發國安疑慮。

美國共和黨眾議員史蒂芬尼克：「讓這些人工廉價的DJI無人機，獨霸我們的天空削弱美
國的無人機製造業，還成為我們最大戰略性敵國的耳目。」

為此美國眾院，計畫通過一項軍事法案，點名中國無人機大廠「大疆創新」（DJI）和「
道通智能」，要禁止它們在美銷售新產品。

防止機密外洩之外，還要避免中國在美撈金，並拿到使用數據，藉此開發軍事用途的無人
機。

美國智庫「2049計畫研究所」薛瑞福：「就更大的觀點來看，我們不想在無人機與軍事應
用的能力上，成為中國首要顧客刺激他們進一步發展。」

相關消息一出，也出現部分反對聲浪，像是美國救難單位，目前使用的無人機，有超過9
成都是中國製，一但遭到禁賣，影響相當大。

美國救難隊員：「為了救人我們必須使用最好的器材，如果只能用美國產品可能有人因此
喪命。」

美國智庫「2049計畫研究所」薛瑞福：「確實對中國祭出禁令，增稅或罰則，有時會對國
內消費者和產業造成衝擊，但考慮到安保問題這是我們必須付出的代價。」

隨著明年（2025年）初，對中國強硬的川普正式就職，相關產業，恐怕還要迎接新一波巨
變



心得/評論：未來美國的無人機產業，也會排除紅色產業鏈

           大疆的無人機規模如此大，若禁大疆，則它國無人機產業必受惠。

           之後川普上台後，可能更加擴大中國製無人機的禁用。


           台灣與美國的軍事有密切的關係，台灣的無人機產業起飛?

※必需填寫滿30正體中文字，無意義者板規處分"
Re: [標的] 6770力積電  又到了年底還是不懂…,"※ 引述《sGuitar (桑哈醬)》之銘言：
: ※ 引述《sGuitar (桑哈醬)》之銘言：
: : 標的：6770力積電
: : 分類：討論
: : 正文：
: : 今天力積電破新低17.15元了 … QAQ
: : 已經即將進入2024年年底了，依然相信黃董
: : 今年三月宣布說要增加新業務Fab IP計畫，
: : 看起來是沒啥卵用，成熟製程越來越慘
: : 力積電還要抱到什麼時候才可以讓我懂
: : 2025年底有機會能懂一點嗎？
: : 進退場機制：
: : 長期套牢，無法退場
: :"
Re: [請益] 難道比特幣無敵了?,"對於到底要不要寫這篇文章,
在我內心可以說是一波三折。
我一方面覺得股板人才輩出,
根本不需要我一個小瘪三出來裝模作樣,
但一想到有許有一些人看了我的文章,
有機會改變他的一生,
我還是覺得要分享一下,
就算在這被罵被公審是家常便飯

不要再忽視比特幣
不要再忽視比特幣
不要再忽視比特幣

１為什麼年輕人過的這麼辛苦? 為什麼國家的債務是年輕人永遠的重擔?

國家永遠在印錢, 不記任何代價, 而""年輕人""就是那個代價。
之所以我們的父母一輩, 以正常收入水平5年-10年就可以買市中心的房子,
而我們不行, 就是因為國家永遠在印鈔, 以通貨膨脹稅的形式加在所有年輕人身上。
我們終其一生都在努力為了紙幣這個東西打拼,
但那是國家機器, 用墨水印出來的,
每個人都應該要看出來, 我們的制度怪怪的

今天我如果說物價, 通貨膨脹, 大家會覺得我在小題大作,
比特幣波動那麼大怎麼抗通膨?
但今天我說房價, 每個人都瞬間了解了,
國家怎麼利用控制貨幣的發行權, 奴役他們的下一代,
在這個生產力過剩的年代, 你我卻還在辦公室加班

任何一個國家只要有了貨幣發行權,
它就會被不斷的濫用再濫用,
只要制度不對, 這就是無法避免的, 而""你""在辦公室加班

如果你相信世界第八大奇蹟複利,
請你也要相信國家債務以複利增加,
沒有人還得起, 也根本沒有任何政府想還這個債務,
他們只會繼續奴役你

2.比特幣是超越一切現有制度的存在, 你需要Think outside the box

如果你是一個對自己未來負責的人,
如果是一個在乎自己下半輩子生活品質的人,
你應該現在、立刻去了解比特幣,
而不是坐在這裡讓別人說服你, 你來反駁
我們有生之年, 所有人都會""或主動""""或被迫""加入比特幣系統,
我希望你比大部分的人先了解,
去思考一切的可能性 。

比特幣是一個自我實現的預言,
你想像地球上有一個大圈圈是現有金融系統+現代貨幣體系,
另一個極小的圈圈是比特幣。
任何一個時間點都會有一小部份的人發現,
小圈圈裏面的系統合理的多,
當他們一旦加入小圈圈的人,
就不會再出來了, 因為比特幣是從根本上優於現有的系統。

比特幣不是對所有人都有意義,
但是,
比特幣對於想要保護自己財產不受任何政府侵害的人的意義,
比特幣對於想合理把資產留個500年後的子孫的人有意義,
比特幣對於投資股市房產非常困難的國家的人民有意義,
比特幣對於不願意接受國家奴役, 不願意九九六到老的人意義。
一旦你持有比特幣, 你就奪回來自己的時間、財務自由,
他們會在市場上以資產增值的形式回報給你

3.比特幣波動那麼大, 怎麼可能長期投資?

比特幣的價值波動, 是因為法幣無止盡地印刷加上景氣循環,
真正的波動來自於法幣。
比特幣是極大波動, 長期持續向上 。
法幣是毫無波動, 永遠向下。
如果你願意接受法幣在50年貶值90%,
就好像你願意接受一個壞掉的手錶, 每天時間能對兩次,
唯一的一點就是穩定。

4.賽局理論

所有國家都在買(明著買或者偷偷買)
很多公司開始買,
這是你這輩子唯一的機會走在一個正確的方向,
並且走在政府跟大公司之前。
比特幣是這個世界上唯一個供給彈性為零的商品,
你沒有看過一個全球性的資產是絕對稀有的,
所以你無從為它定價,
比特幣沒有上限, 就是因為法幣沒有下限。
你如果稍微了解一點賽局理論,
你應該就會知道接下來會發生什麼事情。

5.解決了濫發貨幣的問題, 還解決了什麼?

當國家無法隨意印鈔, 國家就無法任意發動戰爭。
當國家無法隨意印鈔, 國家就無法亂花錢去補助你不喜歡的產業。
當國家無法隨意印鈔, 國家就無法剝削你。
當國家無法隨意印鈔, 債務就不會累積。
對於個人而言, 你的機會成本是比特幣平均每年+60%的成長率,
國家跟你都會對資源做出最正確的選擇,
而不是信口開河

6.所有人都賺錢, 誰虧錢?

你賺的是這個世界上印出來的鈔票,
過去都被曼哈頓以及忠孝東路的房東賺走了。
只要你持有比特幣,
你在睡覺的時候這個世界上所有增發的不合理鈔票,
都會回饋給你,
加上沒有買比特幣的人的份額一併給你。

投資比特幣就是投資一個完美的貨幣系統,
比特幣天生先是一個完美的貨幣系通,
天然地吸引聰明錢, 然後才是一個適合投資的資產。

6.謙卑謙卑再謙卑

中本聰創造了這一切並留給了世人,
他從最開始就知道所有的故事,
如同一記解藥注入我們的世界。
幣圈人靠的不只是信仰而以,
因為我們就是實現這個預言的一部分,
我們拒絕被奴役。"
Re: [新聞] 中國新規「退股股東仍要背債」,"1. 認繳與實繳
在2014年以前，你在中國開公司註冊，你註冊資本多少就是要實繳多少。
但在14年以後改為認繳登記制，也就是股東在章程自行約定，你可以
分幾年把你認股的配額繳完。比如說公司註冊資金填500萬，你股權是10%
那麼按照資產負債表，你應該是要付50萬，整個T字帳才會平衡，畢竟：

──┬────
公司│債務
    ├────
資產│股東權益

但你股東可以約定25~30年慢慢把把50萬繳給公司。
現在中共的公司法88條修法，則是規定如果你認繳要繳50萬，但你沒有繳
反而把股權轉讓給下一個潘仔，那下一個也應當承擔上一個賴帳沒繳的老股東
50萬差額。



好問題來了，假設這個轉讓股東的A，他當初只繳10萬元，剩下40萬
他選擇把股份轉讓給了潘仔B，但是潘仔B也沒打算繳40萬。

那麼按照中國的公司法規定，你A雖然轉讓給了B但B也是賴帳不繳，
你應要有監督B繳錢但沒有履行，故你必須負擔連帶責任，
所以A還是要付40萬。

不過這一塊有一個灰色地區，如果是公司賺錢，你可以分紅
那你幹嘛還要轉讓股票呢，故實際上會轉讓股票的情境往往是反過來，
也就是公司開始出現債務越來越大，你決定要跳船把股權移轉給下個潘仔。
但是轉讓人也沒把認繳差額付清，這時老股東A還是會面臨債務糾紛，
會被債務人要求把剩餘的40萬付完。

到這一塊還是很合理，比較不合理的就是：如果公司增資怎麼辦？

我們再拿上面的500萬案例，但這時是A轉讓給B後，B說要增資100萬，
故公司註冊金額改為600萬，但B後來並沒有履行付100萬，並出現到期債務，
這時債務人要求老股東A會是要他還40萬嗎？沒有喔，這時會變成140萬。
這個東西就是現在吵的核心，因為它並沒有考慮債務與股權轉讓的先後與關係。
而變成一種惡性的大風吹誰最後被催誰倒楣。


2. 國進民退

另外一個問題就是，這次的修法其實又是把公司法從認繳制退回到實繳制。
而這又跟中國地方政府的獎勵租稅制度有關。

我們假設一個情境，假設你是一個中華人民共和國國籍的中國人。
你想做一個賺抽卡課金手遊，就叫做「冷冷不亮」吧，
首先公司是要做各國市場，所以母公司是註冊在開曼群島，
然後新加玻一個代理子公司、香港一個子公司、了不起馬來西亞也一個子公司。
然後這三個子公司都向主管機關申請證書證明是100%內資沒有外國人。
接下來就是註冊遊戲版號，這時就會碰到：
上海：「我們有版號優惠政策，來我這開一間公司吧」
成都：「我也有你要不要來我這開一間」
廣西：「我有一個租稅節稅政策你開一間還可以節稅」

如果是實繳制，那你資金有限只能選一個。
但認繳制你可以只付一部份的錢，把錢存在該地銀行開公司。
就可以像個阿米巴原蟲一樣享受各種租稅優惠，這時你開發工作室的公司
大概就會有10幾個，等到遊戲做出來了，你要跟發行商簽約、平台商簽約、
廣告投放商簽約，你要跟第三方支付商簽約，在認繳制下你不用在這些公司


卡一堆錢，而只要母公司有足夠的錢跟現金流支應旗下公司營運與債務
就夠了，那麼就算你掛子公司負責人或擔任股東，你只要跟母公司
簽一個協議，表示這個掛名收錢再返還給母公司，那麼子公司
並沒有花錢，那就不會欠人錢，你也不用怕債務人找上門。

但一旦逐步地改成股東要實繳情境就不同了。整個系統會崩潰，
因為母公司就沒有那麼多錢，所以母公司就會開始裁撤乾脆註銷。
但註銷又會很麻煩，你註銷就要面臨清算跟查稅，然而你本來是
地方政府的營業稅貢獻者，現在公司要註銷了，你就會跟地方政府
處於對立面，所以公司註銷就會面臨工商局嚴格的審核查帳，
其中一個問題就是要你把認繳但沒繳完的差額補完。

如果這個子公司真的是當初註冊資金小繳完註銷就沒事還好。
但如果已經有規模了，那當初的股東就會面臨尷尬的局面，
那麼為了要規避會怎麼做？轉讓股權囉，然後又面臨到本文一開始講的。

如果你有聽到某些中國人講中國政府怎麼「收放」，那他講的就這一塊。
而由於國家又開始提高企業的進入成本，所以地方政府又會面臨到原本租稅
獎勵失靈，因為國家要實繳那公司就要選投錢在哪省CP值最高。
原本能拿來當政績，炒地皮的公司不來了，註銷了，工作機會變少了。
供給面的收縮最終就會變成你現在看到的經濟緊縮樣貌。這都是一環扣一環的。"
Re: [請益] 不懂為何游庭皓要說買正二沒有意義,"哇靠，居然亂解讀我們皓哥的意思，
表示你根本沒聽財經號角超過一年，
這個問題就跟皓哥說的：
你們覺得劉德華跟張學友誰唱歌比較好聽一樣，
答案是：不能比較！
皓哥已經說過：
堅持自己的投資方式，
喜歡月月配買高股息，
喜歡高報酬買期貨，比特幣，
沒有最好的投資標的，
只有適合自己，

唯一不敗就是長期持有~

我就不說廢話了！

罰你把2024年1月2日開始聽到11月30日，
明天買5000元咖啡給皓哥的小編~~"
[情報] 1211 上市櫃外資投信買超金額排行,"外資

排行    股票名稱   收盤價   漲跌  買超(百萬)

1       2308台達電  414.5   +11.5   1,754
2       3017奇鋐    700     +18     1,506
3       2368金像電  218     +15     1,500
4       6274台燿    184     +7.5      631
5       2059川湖    1535    +10       628
6       2383台光電  572     +18       575
7       2379瑞昱    527     +6        404
8       6442光聖    602     +54       386
9       3211順達    201     -1.5      363
10      3013晟銘電  145     +7        327

資料來源： https://tinyurl.com/mpn8ssx5

投信

排行    股票名稱   收盤價   漲跌  買超(百萬)

1       2345智邦    730     +24     1,147
2       6669緯穎    2480    +45       896
3       2308台達電  414.5   +11.5     811
4       6274台燿    184     +7.5      781
5       2454聯發科  1350    0         562
6       2368金像電  218     +15       462
7       2330台積電  1045    -20       448
8       2383台光電  572     +18       407
9       2891中信金  39.1    0         295
10      6442光聖    602     +54       286


資料來源：https://tinyurl.com/bdhr5t2k

以上 謝謝"
[請益] 難道Costco 無敵了？,"我都唸Costco 辣
從年初看他看到現在
https://i.imgur.com/a2EsZVF.jpeg
沒上車有夠後悔
這隻目前是不是沒有對手啊
採集界的王
請教板上大神這隻上看多少
過年需要發紅包了哭啊"
[新聞] 0050、0056納入陽明、長榮！被迫上賊船,"原文標題：0050、0056納入陽明、長榮！被迫上賊船？達人「老字號有信心」：是買選股
邏
輯



※請勿刪減原文標題

原文連結：https://reurl.cc/RLvd1g
※網址超過一行過長請用縮網址工具

發布時間：2024-12-11 13:09

※請以原文網頁/報紙之發布時間為準

記者署名：聯合新聞網／ 張紫凌[37m[m

※原文無記載者得留空

原文內容：
0050和0056最新選股都選進了航運股陽明，然後0056還多一檔長榮，不少大大哀怨：「又
來
了！」這樣調整，不會影響ETF的穩定性嗎？不要激動～我們先理解一下，為什麼會選到
航
運股？


0056採用「現金股利殖利率加權法」，簡單來說，就是根據未來一年的「預測現金股利殖
利
率高低」來篩選股票，而陽明與長榮被納入都被納入0056，可能是今年EPS有轉好，導致
現
金股利的預測數據在同類型標的中名列前茅，符合高殖利率的選股邏輯。


另外對於0050來說，以市值作為篩選依據，陽明這次能入選，就代表了市值在股市佔據了
一
定份量，符合0050的設計原則。

所以2檔ETF都是在合乎各自的選股邏輯下，去把陽明或是長榮選進成分股的，並不是隨意
的
主觀挑選，只是回歸到ETF追蹤指數的編製規則，是任何一檔ETF運作的核心。

另一方面的思考，陽明和長榮雖然被納入成分股，但其實在整體持股中的權重也相對有限
，
對ETF的整體波動影響不大。


例如：0056的成分股權重是以現金股利殖利率決定的，目前單一成分股的比重普遍維持在
3%
-4%左右，避免了過度集中投入個別股票的風險。

而0050是以市值去分配權重，大多都是在台積電上，也不至於擔心景氣循環股的比例過高
。


這次成分股的調整，我覺得0050和0056仍然保持多元化配置，雖然我也不喜歡景氣循環股
，
但既然是以選股邏輯選出來的，我們也就不要太在意或是過度擔心了。畢竟這2檔都是歷
久
不衰的老字號ETF，能走過台股10、20年，有一定的實力。
我是往好處想，反正平常我不會去買航運，就用ETF久違的「搭一下船」，雖然航運股的
波
動性高，但確實就具備選入ETF的條件，尤其是在運價回升或市場需求回暖時，說不定真
的
有助於提升整體報酬率。


但還是要強調一下，我買股票不會只依據這些來判斷，所以我不會買，只是抱著既來之則
安
之的心態去面對。

總結來說，ETF的價值是分散風險、多元配置，就算選到不喜歡的成分股，可能個股波動
大
，但也不會大幅影響整體表現。我們買的是ETF選股邏輯，不是只有那一、兩檔股票。

回想一下小時候老師跟我們說的，不要為了那一、兩個不喜歡的同學而讓自己難過了，反
而
應該回歸到長期投資的初衷，利用ETF的優勢，實現自己的目標。


有大大可能會覺得，景氣循環股、航運股，不喜歡就是不喜歡！

那可能就可以再調整一下資產配置，像00878或是其它ETF，有些ETF都有特定機制，是為
了
避免選到景氣循環股而設立的條件，進一步達到降低波動的目的。












心得/評論：越來越多EtF要來上船了
不能只有我們的人搶搭這艘船
長榮陽明 有我們的Etf在顧 怎麼輸....=.="
[新聞] 馬斯克霸氣嗆聲！特斯拉市值若成全球之,"原文標題：
馬斯克霸氣嗆聲！特斯拉市值若成全球之冠　即使像比爾蓋茲的空頭將會破產

原文連結：
https://www.knews.com.tw/news/4DC74AEFF861B4511DCC3BEE1277F9A8

縮網址
https://bit.ly/3D5zrWy

發布時間：
2024/12/11 14:00

記者署名：
財經中心／台北報導

原文內容：

隨著川普勝選確定重返白宮後，特斯拉成為最大受惠股票之一，短短1個多月已大漲60%，周
二股價站上400美元關卡，馬斯克身家已飆漲至3840億美元（約12.44兆台幣），穩居全球首
富，大幅領先第2的亞馬遜創辦人貝佐斯1400億美元。

特斯拉市值破兆美元躍升全球第8大

在特斯拉股價飆漲之際，馬斯克更顯得意氣風發，他今天在X平台發文稱，如果特斯拉的股
價繼續上漲到一定水準，全球的空頭都將被消滅，甚至連曾是全球首富的比爾蓋茲（Bill G
ates）也會破產 。

由於比爾蓋茲曾向馬斯克承認自己做空特斯拉股票，也讓兩人關係不睦，馬斯克也曾多次向
比爾蓋茲嗆聲。根據彭博億萬富豪指數顯示，比爾蓋茲目前的身家約 1650 億美元（約5.34
兆台幣），不到馬斯克的一半。

IT之家報導，隨著特斯拉近期股價飆漲讓空頭慘賠，特斯拉目前市值已重新突破1兆美元，
成為全球第8大，比排名第7的 Meta僅少3億美元。

特斯拉飆漲讓空頭受傷慘重

在特斯拉股價持續飆漲下，有些空頭已認輸平倉，但仍有一些空頭堅守陣地，馬斯克在X平
台發文稱，如果特斯拉成為全球最有價值的公司，空頭部位將讓比爾蓋茲破產。

不過，由於比爾蓋茲近期並未公開談論特斯拉，也未透露他是否還持有特斯拉的空頭部位。


心得/評論：

X原文連結
https://x.com/Teslaconomics/status/1866345768027910339?t=t8iXejj_rUZz0eVUGFsSwQ&
s=19

縮網址
https://bit.ly/3OSFgsZ
https://i.imgur.com/uEaOE7x.png

特斯拉股價站上400美元，要挑戰歷史新高了。
有到看特粉曬多單，卻沒看過特黑貼空單。難道特黑都是嘴砲空單？若挑戰歷史新高沒成功
，空下去就賺翻了，一路空到下市！特黑要有勇氣，就算被軋到margin call也要補錢持續
空，畢竟是垃圾車啊！"
[情報] 2745五福 113年11月營收,"標題：113年11月營收

來源：MOPS
網址：https://mopsplus.twse.com.tw/mops/#/web/t146sb05?companyId=2745

內文：

113年11月營收   去年同期月營收  月營收成長率
626,338         533,086         17.49%

本年迄今累計營收  去年同期累計營收        累計營收成長率
7,030,139         4,589,300               53.19%"
[新聞] 華固建設董座鍾榮昌：明年推案量一定縮,"原文標題：華固建設董座鍾榮昌：明年推案量一定縮 供給多的區域價格下修5-10％

※請勿刪減原文標題

原文連結：https://udn.com/news/story/7241/8418527
※網址超過一行過長請用縮網址工具

發布時間：2024-12-11 13:38

※請以原文網頁/報紙之發布時間為準

記者署名：朱曼寧

※原文無記載者得留空

原文內容：
今年上半年房市大熱，隨後遇到919央行打房後，買氣急凍，華固建設（2548）董事長鍾
榮昌11日表示，明年是開發商減量經營的時代，推案量一定會減少，價格上，雙北價格穩
定，但其餘雙北外、供給多的區域價格會下修5-10％。

華固建設今日舉辦台中客戶服務中心啟用典禮，被問到近期房市概況，鍾榮昌指出，其實
今年房市是近年最好的一年，一直到919央行打房後，市場的成交數、來客量才開始下降
，不過現在許多建商的體質都不錯，所以若市場不好開發商就會「減量經營、減量推案」
，而華固也會隨時因應市場波動，「市場很好，我們可以推三個，市場很不好，推一個也
可以。」

至於明年房市發展，鍾榮昌認為，現在市場動態很快，其實自己沒有很悲觀，主要是台灣
經濟成長表現良好、資金充裕，市場也有一定的剛性需求，但華固也有因應策略，明年的
推案量約400億元，其中有180億元為商辦類產品。

房價方面，鍾榮昌指出，還是兩個字「供需」，任何產業都是供需問題，道理都一樣，若
以地區來看，雙北市因為有需求支撐，預期價格穩定，但其餘供給過多的地區，預期房價
會修正5-10％左右。

鍾榮昌指出，建築業蓋太多賣不掉，就是對資源的浪費，所以華固向來不保留房子，個案
周轉率高，過去在民國106年、107年時房市景氣很差時，華固的銷售率還是比市場高兩成
，當年台北市跌幅15％，住宅還是完銷，這也是消費者對公司的肯定，當然，華固不會想
一昧去挑戰高價，一直都會因應市場去做價格調整。

心得/評論：
華固董事長看明年房市，雙北以外房價會下修5%~10%，開發商推案量也會減少，難道這就
是近期營建業下跌的原因嗎?各位投資人怎麼看?
※必需填寫滿30正體中文字，無意義者板規處分"
[情報] 2897 王道銀行11月自結 0.04 累計 0.89,"標題：2897 王道銀行11月自結 0.04 累計 0.89

來源：公開資訊觀測站

網址：https://mops.twse.com.tw/mops/web/t146sb05

內文：

1.事實發生日:113/12/10
2.公司名稱:王道商業銀行股份有限公司
3.與公司關係(請輸入本公司或子公司):本公司
4.相互持股比例:不適用
5.發生緣由:如主旨
6.因應措施:不適用
7.其他應敘明事項(若事件發生或決議之主體係屬公開發行以上公司，本則重大訊息同時
  符合證券交易法施行細則第7條第9款所定對股東權益或證券價格有重大影響之事項):
                                               單位:新台幣仟元
                                   11月            累計1~11月"
[新聞] 中國新規「退股股東仍要背債」,"原文標題：

中國新規「退股股東仍要背債」　11座城市爆發抗議

原文連結：

https://www.ftvnews.com.tw/news/detail/2024C11I11M1

發布時間：

2024/12/11 16:47

記者署名：

民視新聞／林浩博

原文內容：

中國新版「公司法」今年（2024年）7月上路，不過修訂的內容引發爭議，其中要求股東
即使退股，也可能要承擔公司未來債務，引爆不公平爭議，中國至少11座城市都有老股東
示威，表達不滿。最近社群媒體就流傳影片，顯示重慶最高法院外，有民眾聚集抗議，要
求見法院的最高層。

重慶抗議民眾：「見領導！見領導！」

中國社群媒體12月2日傳出影片，顯示民眾聚集在重慶最高法院外頭，大聲叫喊、要求見
法院高層。

影片並未說明示威原因，但正值中國「公司法」修法爭議，引爆老股東
怒火，至少11座城市都出現相關抗議。
陝西抗議老股東：「見領導！見領導！見領導！」

原來根據新版「公司法」，股東即使退股、退出投資，未來公司欠錢，還可能得要一併承
擔債務。

旅美中國法學學者李玉清（化名）：「當時他（股東）轉移了股權以後，他其實是和這個
公司沒有任何關係了，如果說你現在還讓他進行這種承擔責任，那就會成為一種無限責任
，對於這些人是非常不公平。」

中國經濟不景氣，當局不只想方設法要從人民身上割韭菜，甚至現在還修法讓人民背債。
專家警告，中國的作法違背了法治原則，部分投資人恐怕陷入債務循環，最終社會恐怕因
此更不穩定。

心得/評論：

在台灣買鹿港股票的小股東賣掉股票之後公司若倒了
會被大陸的黑衣人士追殺討債嗎哈哈哈"
[情報] 7725 列特博 取得廣達普通股,"1. 標題：公告本公司一年內累積取得同一有價證券達實收資本額百分之二十

2. 來源：公開資訊觀測站

3. 網址：https://mops.twse.com.tw/mops/web/t05sr01_1

4. 內文：

1.證券名稱:
(2382)廣達電腦股份有限公司普通股
2.交易日期:113/8/7~113/12/11
3.交易數量、每單位價格及交易總金額:
交易數量：395仟股；每股平均價格：新台幣259.15元；交易總金額：新台幣102,363仟元
4.處分利益（或損失）（取得有價證券者不適用）:
不適用
5.與交易標的公司之關係:
無
6.迄目前為止，累積持有本交易證券（含本次交易）之數量、金額、持股
比例及權利受限情形（如質押情形）:
累積持有數量：70仟股
累積持有金額：新台幣20,445仟元
累積持股比例：0.002%
權利受限情形：無
7.迄目前為止，依「公開發行公司取得或處分資產處理準則」第三條所列之有價證券投
資（含本次交易）占公司最近期財務報表中總資產及歸屬於母公司業主之權益之比例
暨最近期財務報表中營運資金數額:
占總資產比例：34.43%
占歸屬母公司業主之權益比例：36.27%
最近財務報表中營運資金：新台幣930,770仟元
8.取得或處分之具體目的:
財務投資
9.本次交易表示異議董事之意見:
無
10.本次交易為關係人交易:
否
11.交易相對人及其與公司之關係:
不適用
12.董事會通過日期:
不適用
13.監察人承認或審計委員會同意日期:
不適用
14.其他敘明事項:
無"
Re: [請益]  [請益] 0050正2績效,"軟體：EXCEL
定義：
1. 股票報酬率變動為純隨機，
2. 股價報酬率服從常態分佈。
3. 股價為股價報酬率之對數關係。

參數：
股價單日收益率：0
股價標準差：0.01
槓桿股價報酬率：2  (可自訂你要正幾，你爽就好)
指數基值：1000     (可自訂，你爽就好)
公式：
隨機股價報酬率=NORM.INV(RAND(),0,1)
隨機股價=前一期股價*EXP(股價單日收益率+股價標準差*隨機股價報酬率)
股價報酬率=ROUND((本期隨機股價-上期隨機股價)/上期隨機股價,2)
槓桿股價報酬率=股價報酬率*槓桿股價報酬率
槓桿股價=ROUND(上期股價*(1+槓桿股價報酬率),0)


如果你自己做了，那你可得到一個理論上沒有交易摩擦成本、
沒有追蹤誤差，理想上完美複製N倍報酬率的槓桿ETF在不同情境結果：

上漲
https://imgur.com/a/Rf6JgYl

下跌
https://imgur.com/a/RTpbaLt

先跌後漲
https://imgur.com/a/4rILtDP

盤整
https://imgur.com/a/158C2zG
https://imgur.com/a/RkV43Zk

那你知道哪張圖才是未來嗎？你不會知道。
對策：自己算要投多少錢變成賭場籌碼，所以你最大曝險幾%會套多少。
我講完了，如果你看懂的話你也不用買啥槓桿ETF投資法了，恭喜你省下書錢。"
[情報] 1457 宜進 取得廣達普通股,"1. 標題：公告本公司及子公司一年內累積取得有價證券達三億元

2. 來源：公開資訊觀測站

3. 網址：https://mops.twse.com.tw/mops/web/t05sr01_1

4. 內文：

1.證券名稱:
廣達電腦股份有限公司 普通股
2.交易日期:113/6/11~113/12/11
3.交易數量、每單位價格及交易總金額:
宜進公司:交易數量：679,000股，均價約281.94元
億東公司:交易數量：400,000股，均價約279.26元
交易總金額：303,138,846元
4.處分利益（或損失）（取得有價證券者不適用）:
不適用
5.與交易標的公司之關係:
無
6.迄目前為止，累積持有本交易證券（含本次交易）之數量、金額、持股
比例及權利受限情形（如質押情形）:
(1)累積持有本交易證券（含本次交易）：160,000股
(2)投資金額(含本次交易)：46,466,116元
(3)持股比例：0.004%
(4)權利受限情形：無
7.迄目前為止，依「公開發行公司取得或處分資產處理準則」第三條所列之有價證券投
資（含本次交易）占公司最近期財務報表中總資產及歸屬於母公司業主之權益之比例
暨最近期財務報表中營運資金數額:
(1)有價證券投資（含本次交易）占總資產之比例：11.88%
(2)有價證券投資（含本次交易）占股東權益之比例：22.84%
(3)營運資金：-222,465仟元
(4)資金來源：113年獲配現金股利3.7億及銀行借款
8.取得或處分之具體目的:
提高資金運用效益
9.本次交易表示異議董事之意見:
無
10.本次交易為關係人交易:
否
11.交易相對人及其與公司之關係:
無
12.董事會通過日期:
不適用
13.監察人承認或審計委員會同意日期:
不適用
14.其他敘明事項:
無"
[情報] 2633台灣高鐵 11站月台門統包採購案,"標題：公告本公司高鐵全線11站設置月台門統包工程採購案
 
來源：公開資訊觀測站
 
網址：https://mops.twse.com.tw/mops/web/t05sr01_1
 
內文：
 
高鐵要有月台門了耶0.0，這樣活體落軌跟物品掉落的發生機率應該會減少蠻多
 
==========
 
1.標的物之名稱及性質（如坐落台中市北區ＸＸ段ＸＸ小段土地）:
高鐵全線11站設置月台門統包工程 
2.事實發生日:113/12/11~113/12/11
3.交易單位數量（如ＸＸ平方公尺，折合ＸＸ坪）、每單位價格及交易總金額:
(1)交易單位數量:不適用
(2)每單位價格:不適用
(3)交易總額: 新台幣2,050,000,000元(含稅) 
4.交易相對人及其與公司之關係（交易相對人如屬自然人，且非公司之關
係人者，得免揭露其姓名）:
交易相對人為「台灣松下電器股份有限公司」，非屬本公司之關係人
5.交易相對人為關係人者，並應公告選定關係人為交易對象之原因及前次移轉之
所有人、前次移轉之所有人與公司及交易相對人間相互之關係、前次移轉日期
及移轉金額:
不適用
6.交易標的最近五年內所有權人曾為公司之關係人者，尚應公告關係
人之取得及處分日期、價格及交易當時與公司之關係:
不適用
7.預計處分利益（或損失）（取得資產者不適用）（遞延者應列表說明
認列情形）:
不適用
8.交付或付款條件（含付款期間及金額）、契約限制條款及其他重要約定
事項:
交付或付款條件:依契約約定辦理;契約限制條款及其他重要約定事項:無
9.本次交易之決定方式（如招標、比價或議價）、價格決定之參考依據及
決策單位:
依據招標規定辦理及議價；決策單位為董事會
10.專業估價者事務所或公司名稱及其估價金額:
不適用
11.專業估價師姓名:
不適用
12.專業估價師開業證書字號:
不適用
13.估價報告是否為限定價格、特定價格或特殊價格:否或不適用
14.是否尚未取得估價報告:否或不適用
15.尚未取得估價報告之原因:
不適用
16.估價結果有重大差異時，其差異原因及會計師意見:
不適用
17.會計師事務所名稱:
不適用
18.會計師姓名:
不適用
19.會計師開業證書字號:
不適用
20.經紀人及經紀費用:
不適用
21.取得或處分之具體目的或用途:
高鐵全線11站設置月台門，以提升公共安全及列車整體營運效率與營運品質。
22.本次交易表示異議之董事之意見:
無
23.本次交易為關係人交易:否
24.董事會通過日期:
民國113年12月11日
25.監察人承認或審計委員會同意日期:
民國113年12月09日
26.本次交易係向關係人取得不動產或其使用權資產:否
27.依「公開發行公司取得或處分資產處理準則」第十六條規定
評估之價格:不適用
28.依前項評估之價格較交易價格為低者，依同準則第十七條規
定評估之價格:不適用
29.其他敘明事項:
民國113年12月11日第十屆第二十次董事會議決議"
[新聞] 經濟學人：星巴克面臨極端戰爭 中國夢正,"原文標題：經濟學人：星巴克面臨極端戰爭 中國夢正消亡
原文連結：https://ec.ltn.com.tw/article/breakingnews/4888291
發布時間：2024/12/10 07:23
記者署名：
原文內容：


根據上海美國商會最近一項調查顯示，不到一半的受訪者表示對未來5年在中國的業務前
景持樂觀態度，創下歷史新低。 經濟學人報導稱，從蘋果到星巴克，西方企業的中國夢
正在消亡。

近幾十年來，西方企業不僅將中國視為一個廉價製造地，而且將其視為一個巨大且不斷成
長的市場。根據經濟學人的分析，歐美上市公司在中國銷售額在2021年達到高峰6700億美
元（台幣21.7兆元），佔這些公司總入的15%，但從那以後事情就急轉直下，去（2023）
年銷售額下降至6500億美元（台幣21.1兆元）；佔西方企業總收入的占比下滑至14%，而
今（2024）年沒有任何改善的跡象。

在中國面臨銷售萎縮的西方公司包括科技巨頭蘋果、汽車製造商福斯汽車、咖啡連鎖店星
巴克，和奢侈品集團路威酩軒集團。一位外國高層感嘆說，他的公司在中國瘋狂增長的日
子似乎已經過去。儘管製藥商禮來公司（Eli Lilly）和零售巨頭沃爾瑪（Walmart）等一
些西方公司在中國繼續發展，但它們的投資正在逐漸縮小。

西方企業離開中國的原因之一是中國經濟停滯。房地產危機導致全國房價暴跌，消費者勒
緊褲帶。中央政府9月表示將採取一切措施刺激經濟復甦，但經過幾個月的零碎宣布，情
況並沒有太大改善。與去年相比，房地產銷售仍在下降，並且可能持續到2025年。

通用汽車（GM）高層巴拉（Mary Barra）12月4日表示，將減記通用在中國合資企業價值
超過50億美元，並關閉在中國工廠。許多曾在中國業務蓬勃發展的美國和歐洲企業，也正
眼睜睜地看著關廠等事情的分崩離析。

北京顧問公司指出，通貨緊縮壓力正在損害所有中國企業，而不僅僅是外國企業。10月底
，有27%的中國工業企業出現虧損，從電動車到建築材料等各行業的供應過剩導致了激烈
的價格戰。

西方公司也被中國競爭對手擊敗。星巴克已將市場讓給瑞幸咖啡（Luckin Coffee），瑞
幸咖啡是一家價格更便宜的本土競爭對手，9月該公司在中國擁有2萬1000家門市，大約是
這家美國連鎖店的3倍，而一年前這數字為1萬3000 家。星巴克新任老闆布萊恩·尼科爾
（Brian Niccol）10月告訴投資者，該公司在中國面臨「極端」競爭。

在許多產業，西方公司不再享有曾經相對於中國競爭對手的技術優勢。中國工業機器人製
造商現在供應近一半的當地市場，而2020年這一比例還不到三分之一。比亞迪、蔚來和其
他中國汽車製造商生產的電動車不僅比西方汽車便宜得多，而且推出當地消費者渴望的智
慧技術。

西方公司也正成為各自政府與中國政府之間競爭的附帶損傷。12月2日，美國對向某些中
國公司銷售晶片製造工具以及高頻寬記憶體晶片實施新限制，這將損害美國半導體設備製
造商，如應用材料、科林研究，以及荷蘭先進半導體工具製造商ASML等。其他西方晶片企
業也可能受到影響，消息公佈後，中國4家行業協會紛紛回應，呼籲減少購買美國晶片。

晶片製造等敏感產業的公司熟悉在中國銷售的風險。然而，受地緣政治動盪影響的行業名
單似乎正在加長。在中國表示將對白蘭地酒實施反傾銷措施後，包括人頭馬君度和保樂力
加在內的歐洲白蘭地製造商的股價在10月份暴跌，這似乎是為報復歐盟對中國電動車徵收
的關稅。

如果川普兌現他的關稅威脅，提高對中國商品關稅，習近平可能會做出回應，讓美國企業
的日子更加難過。顧問公司Trivium China的Andrew Polk指出，在中國的外國公司陷入危
險的地緣政治鬥爭之中，他們的麻煩不會很快緩解。


心得/評論：

用三根手指頭，就能算出來名次的，世界頂端的 ""自由時報財經"" 新聞

指出 西方企業的中國夢 正在消亡，許多西方企業正面臨中國本土企業的激烈競爭

而西方企業離開中國的原因之一，是中國經濟停滯"
[新聞] 台肥暖男董座加碼照顧員工 初階人員最高加薪6.6%,"原文標題：台肥暖男董座加碼照顧員工 初階人員最高加薪6.6%

原文連結：https://news.cnyes.com/news/id/5806769

發布時間：2024-12-11 18:00

記者署名：鉅亨網記者 陳于晴

原文內容：

台肥公司 (1722-TW) 繼去年整體人均調薪達 4.55%、加薪幅度完勝軍公教 4% 後，暖男
董座李孫榮今年再加碼體恤照顧台肥員工，宣布 2025 年加薪調幅超越 2024，除全體薪
資一律普調 3% 外，為擴大照顧基層員工，特別再調增固定薪資 1080 元，換算下來，初
階人員調薪最高達 6.6%，全員平均加薪調幅達 5%，再度超越軍公教。

台肥董事長李孫榮到任一年多來，帶領已有 78 年歷史的全台第一大老牌肥料公司華麗轉
身，力圖延伸核心競爭力，擴大事業版圖，繼去年宣告進軍乾淨能源供應者事業後，動作
不斷；不但率先成立前瞻事業研究中心，日前再獲經濟部投資台灣事務所根留企業方案，
將投資 30 億元於台中廠擴建液氨儲存槽，台肥公司乾淨能源事業再跨出一大步。

李孫榮表示，非常感謝台肥全體同仁，一心為公司全力響應淨零碳排政策的努力，因為現
在努力的每一步，都是在創造台肥的歷史。這次董事會議通過一舉調升加薪達 5%，就是
衷心希望幫助大家樂業安心工作，進而能安居。

李孫榮進一步指出，今年是台肥綠能元年，身為泛國營事業的一員，台肥率先支持政府政
策責無旁貸。農業時期，台肥就是全台最大肥料供應者，當中大宗的液氨就是肥料的原料
，而今時代變遷，在全球呼應淨零碳排，尋求乾淨能源之際，台肥的液氨正是乾淨能源的
最佳選擇，所以這次獲得根留臺灣企業加速投資行動方案，證明政府積極支持台肥液氨乾
淨能源發展，以因應全球低碳能源發展需求。

此次調薪獲得台肥員工好評，感謝有溫度的董事長照顧激勵員工，直言加薪 5% 好有感，
接下來將繼續追隨李孫榮董事長帶領，開創台肥新里程碑。

心得/評論：

眼角瞄一下推播訊息還想說台灣肥暖男是誰XD

腦中馬上浮現辣個男人，這麼一說的確是肥暖男>///<

從公司近期的動作來看台肥新產品蓄勢待發，開始在綠能方面開始搞投資

你各位覺得台肥新產品能夠在接下來ESG賽局WIN嗎@v@

今年轉投資朱肥那邊貢獻好像沒那麼多，整個EPS就下來了

不過有屯未分配盈餘的情況下只要第四季加上去EPS勉強碰2

再湊一些錢出來明年繼續發個2.X也不會太難吧0.0"
[情報] 6919 康霈* 新藥CBL-514注射劑,"標題：本公司新藥CBL-514注射劑用於減少皮下脂肪之CBL-0204 Phase 2b臨床試驗取得
最終統計結果，其試驗主要與次要療效 指標在臨床與統計上皆達到顯著有效意義

來源：公開資訊站

網址：https://mops.twse.com.tw/mops/web/t05sr01_1

內文：

1.事實發生日:113/12/11
2.研發新藥名稱或代號: CBL-514
3.用途:
A.減少皮下脂肪(非手術局部減脂)
B.改善中/重度橘皮組織
C.治療罕見疾病竇根氏症
4.預計進行之所有研發階段:
A.第一期臨床試驗 (Phase 1)：已完成。
B.第二期臨床試驗 (Phase 2)：進行中。
C.第三期臨床試驗 (Phase 3)：尚未進行。
D.新藥查驗登記審核 (NDA)：尚未進行。
5.目前進行中之研發階段(請說明目前之研發階段係屬提出申請/通過核准/
不通過核准，若未通過者，請說明公司所面臨之風險及因應措施；
另請說明未來經營方向及已投入累積研發費用):
(1)提出申請/通過核准/不通過核准/各期人體試驗(含期中分析)結果/發
生其他影響新藥研發之重大事件：
本公司新藥CBL-514注射劑用於減少皮下脂肪之CBL-0204 Phase 2b臨床試
驗取得最終統計結果，其試驗主要與次要療效指標在臨床與統計上皆達到
顯著有效意義。
A.臨床試驗設計介紹(包含試驗計畫名稱、試驗目的、試驗階段分級、
藥品名稱、宣稱適應症、評估指標、試驗計畫受試者收納人數等資料)。
a.試驗計畫名稱:
一項臨床二期、隨機分配、安慰劑對照以評估CBL-514注射劑相較於安慰
劑對於減少腹部皮下脂肪的療效、安全性與耐受度之臨床試驗。
試驗內容詳情請見：
https://clinicaltrials.gov/study/NCT05736107?intr=cbl-514&page=1&
rank=10 (NCT05736107)
b.試驗目的:評估CBL-514注射劑相較於安慰劑用於減少皮下脂肪的療效、安
全性與耐受度。
c.試驗階段分級:二期臨床試驗
d.藥品名稱: CBL-514
e.宣稱適應症:減少皮下脂肪 (非手術局部減脂)
f.評估指標:
(v)在CBL-514組別至少有達到CR-AFRS一個等級改善的受試者中，58.8%
受試者僅需接受1次CBL-514治療即可達到CR-AFRS至少一個等級的改善。
與安慰劑組相比，本試驗主要與次要療效指標皆達到統計上顯著差異，相關
臨床統計結果將於113/12/18(三)下午2點舉辦線上法說會進行說明。
c.安全性評估指標之統計結果
受試者完成CBL-514至多4次給藥療程後的整體安全性與耐受度良好，多數不
良事件為輕度和中度的注射部位反應。總體上治療後的實驗室血液生化檢
查、生命徵象、心電圖和理學檢查結果沒有與試驗藥品相關的臨床顯著變化。
總結：
根據臨床統計結果，本試驗在全分析集群組(FAS population)與依計畫書群
體(Per Protocol population；PP population)的臨床統計分析結果，其試
驗主要與次要療效指標皆達到臨床及統計上顯著有效意義。PP population
統計結果顯示CBL-514治療後有超過8成的受試者以CR-AFRS或PR-AFRS評估腹
部脂肪皆可達到至少一個等級改善；以MRI評估腹部治療部位皮下脂肪，顯示
與安慰劑組相比，CBL-514治療後平均可減少超過30%的腹部皮下脂肪厚度，
且藥物安全性與耐受度良好，對於非手術局部減脂具有極佳的療效與安全性
優勢。
C.若為知悉新藥第三期人體臨床試驗(含期中分析)之統計資料時，並請說明
未來新藥打入市場之計畫(惟所述內容應注意避免涉及本公司「對上市公司應
公開完整式財務預測之認定標準」而須編製財務預測之情事：不適用。
D.單一臨床試驗結果(包含主、次要評估指標之統計學 P 值及統計學上是否
達顯著意義)，並不足以充分反映未來新藥開發上市之成敗，投資人應審慎判
斷謹慎投資。
(2)未通過目的事業主管機關許可、各期人體臨床試驗(含期中分析)結果未達統
計上顯著意義或發生其他影響新藥研發之重大事件者，公司所面臨之風險及因
應措施：不適用。
(3)已通過目的事業主管機關許可、各期人體臨床試驗(含期中分析)結果達統計
上顯著意義或發生其他影響新藥研發之重大事件者，未來經營方向：評估中。
(4)已投入之累積研發費用：考量未來市場行銷策略，保障公司及投資人權益，
暫不公開揭露。
6.將再進行之下一階段研發(請說明預計完成時間及預計應負擔之義務):
CBL-514用於減少皮下脂肪 (非手術局部減脂)，目前正在規劃三期臨床試驗。
(1)預計完成時間：預期2025年Q3展開三期臨床試驗收案，惟實際時程將依執
行進度調整。
(2)預計應負擔之義務：無。
7.市場現況:
目前80%以上的局部減脂療程仍採用侵入性的外科手術，包含抽脂手術與腹部
"
Re: [請益] 是不是有點網路泡沫的氛圍了,"※ 引述《ll6a (老成a~)》之銘言：
: 維基定義
: 網際網路泡沫（又稱科網泡沫[1]或dot-com泡沫）是指1995年至2001年間與資訊科技及網際
: 網路相關的投機泡沫事件。在歐美、亞洲多個股票市場中，網際網路及資訊科技相關企業的

原文吃光，講個故事你就懂了，有個賣鑽頭的公司，一直吹我家鑽頭很強

大家趕緊來買鑽頭，挖石油。

所以重點來了，七大科技巨頭有沒有挖到石油呢？


先來看資本支出：https://imgur.com/KQ5dS9O

買一堆鑽頭，資本支出高很合理吧？

那就逐一拆解


AAPL：https://imgur.com/RorGSBb

根據可查資料，蘋果營收有大半仍然在手機業務，那AI變現能力呢？

看看2025會不會出現付費式AI女友，可以陪聊天之類。


MSFT：https://imgur.com/AzurCP0

根據可查資料，微軟第四季AI投資約190億美元，Azure成長卻低於預期，

所以2025一樣持續觀察Azure業務有沒有實際的獲利成長。


GOOGL：https://imgur.com/bH6ptHL

根據可查資料，估狗確實有一直加大AI設備投資，雲端營收與獲利也確實增加，

BUT，2025如果持續因為運算增加投資(因為輝達賣很貴)，會不會侵蝕獲利，就等著看。


AMZN：https://imgur.com/BGb1e9L

亞馬遜比較簡單，看AWS雲服務營收/獲利即可，不過亞馬遜企圖心很強的，

資本支出增加是七大之冠。


META：我就不介紹財報了，反正都是廣告收入

2025觀察虛擬實境VR/AR技術（Oculus 品牌）的開發與營運，重點還是變現能力。





剩兩間一間賣鑽頭的，一間賣車的，

鑽頭商肯定吹，賣車的要先撐過他的火星登陸之夢

所以泡泡會不會爆，就看2025有沒有AI付費女友，如果有，大概可以再戰十年。"
[新聞] OpenAI影片生成工具Sora正式上線　兩千萬,"原文標題：

OpenAI影片生成工具Sora正式上線　兩千萬YTR實測驚呼：恐怖

原文連結：

https://3c.ltn.com.tw/news/60345

發布時間：

2024/12/10 15:28
文／記者吳佩樺

記者署名：

2024/12/10 15:28
文／記者吳佩樺

原文內容：
OpenAI在今年2月發布了AI生成式影片工具「Sora」，當時僅供特定研究人員使用，如今
，Sora已向大眾開放，包括台灣用戶也能體驗，但暫時不涵蓋歐盟等地區。

簡單來說，Sora能根據文字指令生成影片，為創作者和影片編輯者提供全新的工具，目前
僅提供付費會員使用，包括ChatGPT Plus和ChatGPT Pro，兩者差異如下：

Sora付費才能使用
ChatGPT Plus（每月20美元）

● 每月最多生成50部優先影片（1,000點數）

● 支援最高720p解析度，單段影片最長5秒

● 所有影片都會加上浮水印

ChatGPT Pro（每月200美元）

● 每月最多生成500部優先影片（10,000點數）

● 在低用量時，可無限量生成影片

● 支援最高1080p解析度、最長20秒影片，並可同時生成5段影片

● 影片下載無浮水印

Sora能根據文字指令生成影片，為創作者和影片編輯者提供全新的工具。（圖／翻攝網路
）
Sora能根據文字指令生成影片，為創作者和影片編輯者提供全新的工具。（圖／翻攝網路
）

TYR實測驚呼恐怖又鼓勵人心
Sora不只能快速生成影片，還提供Remix重製、Re-cut重新剪輯等多項實用功能。擁有近2
千萬訂閱的YouTuber  Marques Brownlee（@mkbhd）也發布了對試用Sora的心得影片，他
用「恐怖又鼓舞人心」來形容這款AI工具的潛力。

然而，他也提到Sora雖然強大，但現階段在實際使用仍面臨相當多的限制，像是生成的場
景有時無法完全符合真實的物理規則，可能會出現物體消失或穿透其他物件的情況。此外
，Sora也無法生成涉及公眾人物或版權角色的影片，以避免侵權問題。即便如此，Sora仍
為影片製作開啟了更多的可能性。

OpenAI官方網站說明，Sora還支援以下功能：

● Remix：替換、移除或重新設計影片中的元素，例如移除太空船，加入一片叢林。

● Re-cut：尋找並延伸影片中的最佳畫面，讓場景更加完整

● Storyboard：組織並編輯影片片段，打造獨特的時間軸序列

● Loop：裁剪並製作無縫循環播放的影片。

● Blend：將兩段影片無縫合併為一個片段。

● Style Presets：透過預設風格創建和分享，讓影片符合你的創意需求


心得/評論：

看了一下實測
的確是蠻恐怖的
可以幫影片人物添加太陽眼鏡
或把兩個不同影片融合
但也有很多限制跟缺點
但應該可以減少很多創作者的工作

受惠股除了NVDA外
儲存相關的記憶體應該也是
只是不知道何時才會price in

99NVDA
99MU"
[標的]  3689 湧德 山椒魚多,"標的：3689 湧德

分類：多

分析/正文：

佈局高速傳輸線材開始發酵，廠區自動化生產提高，使毛利開使拉升止穩是重點，Q3毛利3成，EPS達2.34，表現不俗，消費性電子比利逐漸降低，網通拉高也有助公司轉型，公司日前有說Q4營收會季減，但從近期股價拉一波來看，應該有戲，我估計近期有機會過前高。

進退場機制：

於96至98之間可以自行佈局，跌逾15%停損，115元以上逐步停利。"
Re: [新聞]  美Robotaxi市場剩特斯拉和Waymo兩強相爭,"業內人士

簡單分享一下看法

這兩家在技術路線上是完全不同的

技術方面：
狗車部分：

狗車 08年還啥時就出現 當時 deep learning 還沒完全起飛 大多數路線都還是走 classical robotics

有很長一段時間業內都公認狗車是最領先的 畢竟傳統路線 你搞得久 搞得多 不會差到哪

但狗車就是太早當領頭羊 組織太大 頭洗下去太久了

這幾年 deep learning 爆發後 沒有辦法快速pivot

畢竟你都一個車隊跑這麼久了 behavior planning 300 多人 你現在說要轉End to end 那路上在跑的怎麼辦？ 養的一堆人只會做傳統的怎麼辦？ 根本不可能

一些朋友在狗車 基本上就是一個人負責一個超小的feature 然後幾乎不可能上車

狗車現在不是完全手寫 很多 perception, maybe prediction 都有用 DL 了但就我所知 在planning 這塊 還是傳統MPC

另外就是仰賴高精度地圖 昂貴sensor 這在幾年前DL 起飛前可能合理 但現在看來完全讓整個商業模型不可行

你說他已經在路上跑 有收入了 但問題是開到報廢前 能回本？

Tesla 部分：

FSD 在今年之前 也是跟狗車差不多 走classical robotics 混一些DL (說實在2020之後應該沒有純手寫的公司了）

但director帶種 直接說幹就幹 今年V12 直接換成 end to end 直接一個質的飛躍

成本方面 一台車就靠幾個相機 完爆其他業內



另外這一兩年open ai （gen ai)火爆 主要就是因為發現 當你今天模型（算力）夠大 data夠多 你就頂呱呱

這在無人車 或者是general robotics 方面 在以前大家完全不是這樣想的

Robotics 在learning based approach 有兩大流派：
Imitation learning
Reinforcement learning

Imitation learning( or behavior cloning) 基本就是照抄你給他的資料 好一點可以舉一反三

傳統認為這路線是走不通的 因為會有 out of distribution 所導致的compounding error

簡單來說就是他沒看過的 他就有可能炸開 一旦炸開 它就到一個更沒看過的 更加炸裂

Generative AI (GPT/ diffusion model)這些基本上就是 imitation learning

結果現在發現 那我模型（算力）更大 讓他抄（data)更多 那他不就都看過了？

這竟然就突然讓imitation learning 突然可行了

GPT 剛開始出來時(GPT2吧？）也沒啥人注意 表現一般般 直到GPT3 之後 無腦加大 更大模型 更多資料 才一飛沖天

這幾年NLP/ CV 的這些突破 很快都會出現在robotics上

但這邊的重點就是你要有足夠的算力（gpu)跟足夠的資料

算力方面 錢可以解決

狗車有狗狗爸爸 tpu 應該不是問題

Tesla 基本上也是卯起來買gpu

但資料量方面 基本上目前業界沒有人打得贏Tesla 他就幾百萬輛台車整天在路上跑

狗車我沒查過 但貼文有人說才700輛？

你算力在屌 你如果只有一咪咪資料 也是沒用

結合以上 我自己是認為狗車可能現在在侷限ODD 可以比FSD 好

但超出營運範圍 跟未來growth 我不看好狗車


說啥狗車可以搞商用卡車 這些哪個將來FSD不能搞？ 一旦狗車說只搞商用 基本上也可以收一收了

貼文裡有人分享Waymo research 他們那跟車上跑的不同組 基本就是養個research組 能發發paper 吸引一些人進去 實際上最後應用到車上的很少

股點方面 自己是看多Tesla 但這股票本質上跟meme stock沒啥區別 FSD/ Optimus 做得好 不一定會完全表現在股價上"
[請益] 不懂為何游庭皓要說買正二沒有意義,"先聲明在下是游庭皓的粉絲，每天下班回家第一件事就是

收看皓哥的財經速解讀。皓哥每次講完一個段落，就用色情笑

話舉例來說明他的論點，講完之後再說「怎麼會講到這麼下流

的事？啊沒事沒事」繼續講其他的事。這種強烈的個人風格真

是使人拍案叫絕啊。還有一次女主持人問皓哥「你對聯準會降

息的看法是？」皓哥回應「我喜歡看無碼的」女主持人說「呃，

這？」皓哥趕緊說「我是說喜歡聯準會不要降息一碼或二碼」

哈哈。

    回到正題，昨天皓哥大讚00757 績效亮麗超越0050和0056

之後又鼓吹指數化投資，認為應該跟著大盤走。接下來他居然

說「你買正二，然後說你打敗大盤，那有什麼用？最後還不是

要跌回來」皓哥今天又說「不要進出頻繁，要長期持有」那，

據以下二個網址，

https://tw.stock.yahoo.com/quote/00631L.TW/performance
https://tw.stock.yahoo.com/quote/00757.TW/performance

很多人大讚00757 ，但時間拉長到一年的話，00757的報酬率

是61.05 趴，00631L的報酬率是68.84 趴；正二贏。時間拉長

到五年，00757 的年化報酬率36.07 趴，00631L年化報酬率

37.06 趴。還是正二贏。為何皓哥說會跌回來？沒有跌回來啊。"
[心得] 美債正二今年績效,"美債正二今年以來績效 -15%
抱了一整年，也沒利息
今天忍痛砍倉止損了，全部轉倉美股
輸原型也很多，原形還是正的
我到底看了什麼


https://i.imgur.com/yxUMxqt.jpeg

https://i.imgur.com/osADWuf.jpeg
https://i.imgur.com/hjmB4OO.jpeg"
Re: [新聞] 中國新規「退股股東仍要背債」,"原文恕刪

新聞說的是這個吧

https://www2.deloitte.com/tw/tc/pages/tax/articles/202403-china-tax-1.html

勤業眾信會計師寫的文章 應該有可信度吧= =


節錄文章的第二點第2小點

2.  明確未到位股權轉讓的責任

https://imgur.com/a/Lu3uoyA

由上表可知，原認繳股東對出資的義務並非在轉讓後即可全數卸責，若受讓人未在期限內
完成出資義務，轉讓人仍需承擔補充責任；同樣地，受讓人在原出資額未足額到位的情況
下，轉讓人與受讓人應在出資不足的範圍內承擔連帶責任，但若受讓人不知道且不應當知
情者，則由轉讓人承擔責任。



不管對這措施看法為何，都離新聞敘述的嚴重程度差異很大吧= =

首先轉讓人只對出資不足的範圍承擔連帶責任 離新聞寫的無限責任差很遠

然後就勤業敘述 這措施明明是為了維護資本充實和交易安全

怎麼解讀會有如此大的差異= =


先說我100%討厭中共、怎樣都不願意在中國的體制下生活

但要黑人家也許還是要本於事實吧


如果我解讀錯誤 也歡迎打我臉 畢竟我公司法、會計相關的東西真的也不是那麼好QQ

以上"
[標的] 8928 鉅明 拉不拉多,"1. 標的：鉅明 8928
2.分類：多/空/討論/心得
今天拉不拉多，仙人指路，高爾夫球僮撿球多
                                                                               3. 分析/正文：
業績成長、匯率再賺
冷門交易量少，買兩張就好XD
4. 進退場機制：
長線不停損，短線40出場。"
Re: [新聞] Google 跨出「一大步」 量子電腦照亮廣達,"通篇胡言亂語，各種拼湊胡謅
廣達什麼的我不清楚，只點出幾個重要錯誤

※ 引述《aapcao (助人為快樂之本)》之銘言：
: 原文標題：Google 跨出「人類的一大步」 量子電腦照亮廣達
: 原文連結：https://money.udn.com/money/story/11162/8417355
: 發布時間：2024/12/11 02:12:23
: 記者署名：經濟日報 編譯顏伶如、記者林薏茹／綜合報導
: 原文內容：
: 人類運算史上大革命來臨，Google 9日立下史詩級量子運算里程碑。目前全球最強超級電
: 腦需耗時10的25次方年（相當於宇宙年齡的700多萬億倍）才能完成的運算，Google最新
: 的量子運算晶片Willow，只需花不到5分鐘就能完成，為量子運算領域的重大技術突破，
: 台廠廣達有望跟著吃香喝辣。
: Google跨出「人類的一大步」，其最新量子技術能在5分鐘內完成「盤古開天開始算到現
: 在都算不完」的運算，可望翻轉AI新世代，進而取代現有超級電腦或輝達超級AI晶片，引
: 爆新一波大商機。

量子電腦會是用來解決傳統電腦無法解決的特殊數學問題
並不會取代現有超級電腦，也不會取代AI
Willow的突破在於實現小型量子糾錯，算是科學界的一大步
商用量子電腦未來實現的那天，超級電腦和AI server的算力早已飛天
到時化學製藥和最佳化問題等等大多能用超級AI server解決
量子電腦能施展拳腳的地方就更少了

: 法人指出，台廠中，廣達（2382）一路與Google合作衝刺高速運算領域，也積極投入量子
: 電腦，可望搭上Google量子運算大商機列車，優先受惠。
: Google執行長皮伽在社群平台宣布，已運用Willow克服量子運算的其中一個挑戰，現有超
: 級電腦窮盡宇宙時間都算不出來的問題，搭載Willow晶片的超級電腦只要五分鐘內就能解
: 決。
: 皮伽的發文第一時間吸引特斯拉執行長馬斯克、OpenAI執行長奧特曼按讚。馬斯克大呼驚
: 艷，回文「wow！」；奧特曼也留言「大大的恭喜！」，表達祝賀之意。
: Willow擁有105個量子位元（qubit）。過去量子位元運算速度快，但容易出錯，在單一晶
: 片內放入愈多量子位元，錯誤率就愈高，因此效能不會比傳統電腦好，科學家從1990年代
: 以來便一直在處理量子位元的錯誤修正。
: Google於9日在《自然》（Nature）期刊刊出的論文表示，已找到聚束量子位元的方式，
: 錯誤率會隨著量子位元增加而降低，且能即時修正錯誤，朝打造實用量子電腦跨出關鍵一
: 步。量子運算領域科學家並將Google的成就比擬為其他科學重大里程碑，如1942年的首起
: 人為核分裂連鎖反應。
: Google和其他研發量子電腦的同業，持續朝科學家所稱的「量子優勢」邁進，也就是量子
: 電腦能加速化學和AI等領域進展、或執行企業獲消費者認為有用的任務。
: 業界人士指出，量子運算可望大幅提升AI運算速度和效能，包括AI模型訓練、大數據處裡
: 等，並可望開闢量子機器學習和量子神經網絡等全新的研究領域。

量子機器學習和量子神經網絡完全是老掉牙的炒作題材了
學業界到現在還在拿這個騙吃騙喝，基本上沒有任何量子優勢
倒是現在的趨勢是用AI加速和優化量子電腦的開發

: Google在量子電腦邁大步，業界點名廣達可望跟著受惠。廣達與Google合作多年，關係緊
: 密。廣達2000年開始發展雲端業務，2006年拿下第一筆雲端生意，Google就是首家客戶，
: 2016年，廣達更與Google合作開發第一個AI伺服器，雙方在雲端時代初展時，就共同開疆
: 闢土至今。
: 業界看好，廣達一路與Google合作高速運算，且深耕量子電腦多年，將搭上Google量子電
: 腦大商機。

廣達什麼時候深耕量子了，有沒有業內人士要來解釋一下

: 心得/評論：
: 達叔果然包山包海 左手是GB200 右手是Willow 人類進步怎樣都受益
: 管它輝達還是谷歌 廣達 賺飽飽 拉回都是買點 主力倒車記得上車啊"
